ds,yhat,yhat_lower,yhat_upper
2014-01-03,1424.6275900530095,-922.8229327250009,3939.039813304794
2014-01-04,995.982979420658,-1519.823656421093,3483.3436434792006
2014-01-05,1048.8923867493495,-1554.0172443977792,3857.5730463992054
2014-01-06,1174.5484597041452,-1393.6031045279888,3803.996527365667
2014-01-07,416.8470779924245,-2238.7232058741265,2928.023415231456
2014-01-08,-608.5336564400675,-3338.3244526442963,1744.3432831525615
2014-01-09,457.0356399038743,-1925.08763214004,3249.0029038401153
2014-01-10,909.0903796577502,-1731.5001749750047,3297.8669746736296
2014-01-11,536.8040493028387,-1943.885241933391,3070.706743868222
2014-01-12,650.8525375922467,-1991.3757221279743,3158.9417503530685
2014-01-13,841.2263318823036,-1830.2911393638487,3367.3224511887424
2014-01-14,150.5282974387187,-2403.471441922328,2750.2082273907117
2014-01-15,-806.9179951341371,-3555.1249803334513,2024.7643285061995
2014-01-16,326.1319685347752,-2222.5257254000453,2879.2252547193484
2014-01-17,843.8306722734139,-1821.432735236714,3312.2635384373466
2014-01-18,534.0032125573506,-2226.9499498395157,3232.526022171004
2014-01-19,706.0437507575722,-1841.8512228689808,2997.42269802141
2014-01-20,948.7585670214589,-1733.9819280513839,3509.623029386188
2014-01-21,303.6926626788213,-2373.1588738154514,3007.390718640404
2014-01-22,-615.7358489463027,-3241.20373671584,1931.2337867329247
2014-01-23,546.9871359956331,-1962.6151711546017,3134.7355170684777
2014-01-24,1085.47736961198,-1466.0093335086206,3636.2281722354805
2014-01-25,787.2310290435425,-1816.4936818660165,3311.7915820001936
2014-01-26,961.530420654127,-1634.5080150290835,3313.082601895527
2014-01-27,1197.2911390272507,-1502.3251955765656,3899.1736114700925
2014-01-28,536.3874876911859,-1934.688349029331,2934.0644844477815
2014-01-29,-407.2196085715634,-3166.9566051258726,2230.9343332036456
2014-01-30,723.7286203172567,-1623.448089068165,3156.1467414722765
2014-01-31,1223.777866492867,-1431.8000044500818,3935.546120157329
2014-02-01,881.5183863807956,-1685.7645194123636,3481.9986247707084
2014-02-02,1007.4655041323233,-1694.6154392838205,3769.055986866465
2014-02-03,1191.8780941283999,-1350.881816051435,3614.5013043949625
2014-02-04,478.0525285883672,-2118.8201534972136,3150.020002521991
2014-02-05,-518.5829285928344,-3317.049516128982,2028.8970500121488
2014-02-06,560.7083431869669,-2018.89317476428,2969.7714968056193
2014-02-07,1011.9252369998945,-1553.6982984091721,3791.4851311782522
2014-02-08,625.0518488682736,-2174.6052467148247,3390.861895050363
2014-02-09,711.9045615878714,-1849.2688853787115,3282.638689076437
2014-02-10,863.9192129097827,-1649.3745225753041,3478.092843366964
2014-02-11,125.41659748813049,-2691.327504649455,2726.2588535570503
2014-02-12,-887.3280222967885,-3641.503750552128,1738.7721190548596
2014-02-13,185.07083592101958,-2326.025130964259,2913.3196741469706
2014-02-14,639.0467531986816,-2083.781680975217,3139.087217693793
2014-02-15,264.79336948286186,-2238.0060806219076,2748.8899894535093
2014-02-16,374.10583038342804,-2262.6718744585028,2984.5983395354547
2014-02-17,558.1677870675229,-2182.9003258881025,3127.1786740121734
2014-02-18,-139.17780032914243,-2785.9532212948893,2464.8081687118115
2014-02-19,-1102.348513863836,-3602.3566565235765,1247.6575893560703
2014-02-20,27.14898323969419,-2579.4072781310915,2656.046390032179
2014-02-21,544.6772248466174,-1968.2700722219797,3178.7372476269684
2014-02-22,239.20447408827772,-2301.774959549163,2594.760999350427
2014-02-23,421.17432728239714,-2146.3784305900185,2966.0325937639886
2014-02-24,680.3237588004278,-1891.3596382473509,3317.8343029367475
2014-02-25,58.98710126705578,-2563.139372534671,2486.8279437125702
2014-02-26,-828.7893037510839,-3291.370824488251,1703.0250669830402
2014-02-27,373.95934822460083,-2481.755148860359,2733.0751315613306
2014-02-28,961.1092356036381,-1749.385254847895,3444.505347290202
2014-03-01,720.2179016668123,-1731.739193917221,3299.1698132780475
2014-03-02,960.4253314494551,-1507.076343593242,3527.563024329642
2014-03-03,1270.3007499012217,-1262.8590109453503,3869.6854049455087
2014-03-04,691.1719643732841,-1871.35337685272,3242.673071215337
2014-03-05,-163.73859480583496,-2617.98497129676,2646.706073615785
2014-03-06,1061.9095183320167,-1562.9875125445694,3699.2753745034884
2014-03-07,1661.5797985259776,-679.5828074100509,4199.442630019474
2014-03-08,1422.6358426062286,-1069.3715684678832,3928.435503198187
2014-03-09,1654.2443127145807,-985.6043526325562,4096.004895110821
2014-03-10,1945.2184574792118,-648.8382435947167,4751.805110027735
2014-03-11,1337.339154230468,-1237.3061144718656,4046.6061542190064
2014-03-12,444.4778887313348,-2317.9428803065803,3020.492719937244
2014-03-13,1623.80270389763,-833.4184104527677,4215.908368365436
2014-03-14,2169.761887506813,-527.5259944590938,4670.2291092971
2014-03-15,1870.8363508573266,-601.4357572947223,4323.905423808972
2014-03-16,2037.415235776998,-522.7851484058664,4597.030535938749
2014-03-17,2259.610103497396,-253.30919104874528,4689.45111280692
2014-03-18,1580.5454134235094,-882.0441451810851,4101.397518987135
2014-03-19,615.4504731375508,-1956.0080984854192,2993.5424801087784
2014-03-20,1722.8346560922676,-1033.722043709069,4330.421545190235
2014-03-21,2198.4414028246147,-470.1776907418074,4626.348350834985
2014-03-22,1831.9726652411337,-715.2068521276669,4445.045330996619
2014-03-23,1934.9389834892204,-731.5756822338498,4521.00598039127
2014-03-24,2098.451129352892,-539.9546731011498,4633.078260621669
2014-03-25,1366.491519345637,-1226.1608813996618,4017.5017127314673
2014-03-26,354.9909771215615,-2135.2625752407134,3069.8514253824733
2014-03-27,1422.9929343577087,-1129.5169537910763,4094.8158939249092
2014-03-28,1866.6007672230432,-703.7945372354058,4422.70316440094
2014-03-29,1475.699994907397,-1177.5910672525354,3931.3781354685248
2014-03-30,1561.8104824555392,-1070.6988696017274,4102.311666289555
2014-03-31,1715.8844236220875,-900.6998758289969,4216.961161574708
2014-04-01,981.5880436458667,-1533.7176039573758,3525.4359786559125
2014-04-02,-25.607757963095082,-2545.032784038332,2607.442138604964
2014-04-03,1052.7538198611294,-1547.9786384758556,3543.747763454834
2014-04-04,1512.0824719132593,-934.4583538092352,4290.250827283601
2014-04-05,1141.4846965813858,-1408.5744729897178,3946.6057709167594
2014-04-06,1251.6391509193909,-1139.1466149819096,3798.415312914836
2014-04-07,1432.618587990627,-1066.0361249160821,4150.0040390708655
2014-04-08,727.1956718698843,-1866.0578515058103,3537.1264465981803
2014-04-09,-250.0427453814782,-3018.3598511494456,2309.5613223431683
2014-04-10,858.5081538570237,-1560.9251114262515,3482.684444888563
2014-04-11,1347.4590464987975,-1263.9954453304317,3758.448654202336
2014-04-12,1005.1891245262009,-1602.1656998412311,3735.1805505372813
2014-04-13,1141.7376028689632,-1464.6440717240325,3707.0393117328917
2014-04-14,1346.6388590722638,-1129.0157795667426,3759.6174532814716
2014-04-15,662.2382298114487,-1982.1275879917036,3111.9121497332067
2014-04-16,-297.1871264200063,-2522.1048172642536,2174.0990605345396
2014-04-17,825.7786566962682,-1839.1170277874003,3363.3677764697154
2014-04-18,1325.6776950356666,-1231.145735792609,3914.6679883770116
2014-04-19,990.937307157035,-1642.3405679238065,3579.813629687363
2014-04-20,1131.7546677854257,-1235.5182165588167,3595.9605941638156
2014-04-21,1337.922221580888,-1162.172257393975,3814.0226831047166
2014-04-22,652.1312346901153,-1937.239235878923,3204.074252245082
2014-04-23,-310.9216933891439,-2874.2782664569677,2172.686506739698
2014-04-24,806.656260929393,-1911.2198839658963,3307.0220197317853
2014-04-25,1299.9245430235896,-1124.7364557584456,3895.619920857435
2014-04-26,957.8503961239551,-1577.9869207592035,3479.432727406469
2014-04-27,1091.1756254471952,-1437.16431576117,3790.5232442809975
2014-04-28,1290.2245217669915,-1326.5020101485457,3773.3608821718585
2014-04-29,598.1908098135071,-1898.2668685662495,3132.593305631855
2014-04-30,-369.77110461231746,-3121.312224459146,2248.988909467487
2014-05-01,744.63123261289,-1667.4424358261385,3269.723599797052
2014-05-02,1236.787283665162,-1314.8406016235397,3756.5244964563535
2014-05-03,895.9156194869204,-1833.582470479715,3439.961424770971
2014-05-04,1032.924174849623,-1712.2877093668787,3515.583547301216
2014-05-05,1238.2143552604423,-1471.0962036912342,3777.540876592918
2014-05-06,554.9669075973021,-2218.904324983246,3190.839235021427
2014-05-07,-401.76520414815604,-2997.239536272493,2262.768694991609
2014-05-08,726.1247943081753,-1962.6425003069653,3237.3187631891446
2014-05-09,1233.7630897198317,-1425.7163333796425,3897.392755135889
2014-05-10,910.0361950028004,-1631.6979609736109,3484.503506836296
2014-05-11,1065.4618852900267,-1608.780962189682,3636.250427181019
2014-05-12,1290.0055042509564,-1302.9106430421778,3819.7256641545305
2014-05-13,626.3791673403846,-1615.8526393612,3325.487326141977
2014-05-14,-310.8513062145364,-2965.815981816483,2281.131720884299
2014-05-15,835.929558516207,-1620.923073476189,3403.3527649670273
2014-05-16,1361.3667346174034,-1487.6612554097646,3954.681177279606
2014-05-17,1053.889320787603,-1541.7552598336267,3719.9387386756925
2014-05-18,1223.5942803258765,-1253.7456823518555,3768.111954046842
2014-05-19,1460.0742900513064,-987.925913960915,4091.7035090395066
2014-05-20,805.72692011681,-1846.694883009871,3440.5600671654374
2014-05-21,-125.13027726553923,-2544.272351307873,2416.9657109355244
2014-05-22,1024.942325201545,-1523.0898475237734,3510.6429544208663
2014-05-23,1550.4902645575226,-1013.3235761430477,4276.695514180692
2014-05-24,1239.9213889541093,-1307.6889279650165,3527.796771211416
2014-05-25,1403.3891548368156,-1288.1058905290051,4014.312472637572
2014-05-26,1630.6178692879112,-1138.2532851717592,4255.878837340776
2014-05-27,964.2072315837635,-1703.8201727116887,3560.319339239099
2014-05-28,18.74092548690487,-2622.6151377844385,2485.6050515874576
2014-05-29,1151.9805870526309,-1506.718198302241,3694.6879237415656
2014-05-30,1658.8401556920417,-1024.5822168631855,4236.750978097865
2014-05-31,1328.1317380469297,-1169.205134996849,3830.1110056907837
2014-06-01,1470.4376353797795,-1216.5393282271782,4019.894404333574
2014-06-02,1675.9239346582465,-957.7547192007538,4273.323765467987
2014-06-03,987.6333500792153,-1391.2662223727393,3550.1728715534737
2014-06-04,20.582407866183075,-2574.265497146451,2566.614408303908
2014-06-05,1132.94461727766,-1504.0516120072748,3778.8161087219282
2014-06-06,1620.0149286979931,-961.2230449377951,4417.566435687186
2014-06-07,1270.9468674120526,-1582.6882850603556,3669.5122998396623
2014-06-08,1396.6172118589698,-1412.388966277507,4083.3165257908213
2014-06-09,1587.4337880077983,-980.7445491406726,4000.641272393659
2014-06-10,886.6241875166834,-1725.0659118021536,3438.9130487117036
2014-06-11,-90.66942960521669,-2682.906737138179,2644.3530665556323
2014-06-12,1013.7922091871144,-1311.1058929919855,3614.512720277442
2014-06-13,1495.311036629334,-981.4955140546032,4143.297682998247
2014-06-14,1142.9914960118629,-1616.3781706370507,3524.4553232186627
2014-06-15,1267.6094270214824,-1491.005117180091,3971.201088761853
2014-06-16,1459.4253813474763,-1265.793859475008,3935.456684761373
2014-06-17,761.4799634517049,-1876.2035974506532,3135.168354683877
2014-06-18,-211.30388262774022,-2717.9074847546985,2329.2414637739694
2014-06-19,899.0697571361518,-1588.4558439359812,3433.1847459435694
2014-06-20,1387.6437323315085,-1188.54031408908,3900.7238804974154
2014-06-21,1043.2561552208422,-1619.9852016375403,3566.1828466719408
2014-06-22,1176.4175554649207,-1496.1231103839816,3758.187100693961
2014-06-23,1377.1320045008727,-1083.7655944238588,3928.8762983662073
2014-06-24,688.1995746024572,-2008.6171869183813,3230.5606945429004
2014-06-25,-275.6751480625112,-2841.1758793245117,2370.7026223020507
2014-06-26,843.3127340879504,-1495.592195890547,3309.08240559351
2014-06-27,1340.0463755880098,-1323.8632215659572,4093.152576601794
2014-06-28,1003.2382219813194,-1531.5829003895913,3728.1521423576282
2014-06-29,1143.308557033804,-1463.790143673144,3726.643825549021
2014-06-30,1350.2067079451353,-1162.3730562096828,3955.924481637253
2014-07-01,666.7123202106676,-2026.817303725156,3034.4398491052066
2014-07-02,-292.4584908423101,-2892.402977416174,2335.4769848347255
2014-07-03,830.5392439521193,-1698.0494544719413,3373.0016979850925
2014-07-04,1330.6529856494008,-1274.673045755009,4019.920690026047
2014-07-05,996.67870494569,-1592.5098104078595,3643.4079533345466
2014-07-06,1139.1339097032549,-1697.930968934845,3464.1782697923686
2014-07-07,1348.0730459428132,-1267.2541140796316,3821.2227683117276
2014-07-08,666.3829086422281,-2015.252986432817,3248.4995579027873
2014-07-09,-291.1169077143845,-2833.4098316377926,2311.1454487992473
2014-07-10,833.5130504371751,-1849.828212233485,3504.841721936929
2014-07-11,1335.300984105194,-1227.8490055215873,3918.1252693324127
2014-07-12,1003.1058587319296,-1651.8372890750748,3482.6577385824444
2014-07-13,1147.4873266733603,-1376.4378214047176,3704.4250806478512
2014-07-14,1358.5190322951037,-1341.5403010696036,3825.330102481044
2014-07-15,679.0830126850377,-1876.3325413451632,3195.5393140637602
2014-07-16,-276.0297383312186,-3108.87488039935,2314.582890137891
2014-07-17,851.0690241787515,-1765.0356801538837,3551.5918515104704
2014-07-18,1355.3359977293687,-1029.9170986906918,3984.18688903714
2014-07-19,1025.5416605016471,-1548.5538513882984,3390.186749862296
2014-07-20,1172.1443860065283,-1411.783187746048,3715.9693131327354
2014-07-21,1385.1086728536004,-1183.470905338644,3906.576989628821
2014-07-22,707.2050271362542,-1891.535653436824,3491.9120352363366
2014-07-23,-246.8836317228529,-2892.5196455711184,2485.525217634915
2014-07-24,880.6323137199741,-1762.019558018092,3542.7947136982516
2014-07-25,1384.6262996532284,-1361.532671698173,3994.5700054750564
2014-07-26,1053.8065368872963,-1449.2112555152564,3581.988671949591
2014-07-27,1198.5952478193283,-1392.3277399128747,3670.0747886254053
2014-07-28,1408.9513124557668,-1163.50002189128,4106.503958646272
2014-07-29,727.6736803140438,-1974.8466618519153,3250.1431024695175
2014-07-30,-230.48973569832606,-2723.8346542601093,2417.4449959933754
2014-07-31,892.3535483748101,-1614.6359018120927,3465.03371715048
2014-08-01,1391.2177777422796,-1157.6622838115263,3882.5273356736548
2014-08-02,1054.9886809465863,-1505.793980847281,3694.6762939336527
2014-08-03,1194.3001601896817,-1546.6864458279929,3759.885885057182
2014-08-04,1399.353109589258,-1161.1111635559816,4064.408228664538
2014-08-05,713.2137903530097,-1882.0746928737776,3168.3372221756495
2014-08-06,-249.0834099050178,-3004.1086860548994,2335.049049479543
2014-08-07,870.652544955102,-1760.6287407028694,3386.193158452202
2014-08-08,1367.7386721056564,-1263.2965637528087,3962.0829324032356
2014-08-09,1031.3592675107361,-1624.8264654136199,3701.905306411848
2014-08-10,1172.4338318782784,-1327.0747739583105,3898.4568806697794
2014-08-11,1381.4270255520264,-1075.234599498078,3905.4975660003533
2014-08-12,701.6383300743707,-1673.0091434115936,3281.7444454760043
2014-08-13,-251.70350726356833,-2751.72727557727,2248.612551058751
2014-08-14,879.7403752433461,-1580.0649136245884,3353.9909529277847
2014-08-15,1391.3814828232548,-1212.2881009357484,3978.211412887629
2014-08-16,1072.439537018856,-1482.2989439146827,3583.8587584670763
2014-08-17,1233.8059372630908,-1266.9497130648915,3870.3844333340544
2014-08-18,1465.8506624770318,-1096.0937553851031,4002.620025397615
2014-08-19,811.7104050364993,-1605.0801403465875,3469.5273448266944
2014-08-20,-113.61691123074979,-2728.455870144071,2373.379567009385
2014-08-21,1047.9104260681866,-1611.4384482459495,3623.9602728072755
2014-08-22,1591.3437818296402,-1002.8666214960722,4073.310693720706
2014-08-23,1305.484656692854,-1257.9206275609376,4043.167293632907
2014-08-24,1500.7545428569954,-1067.4512880759005,4142.975082404815
2014-08-25,1767.009574170975,-827.5552427873298,4403.127660290481
2014-08-26,1146.837594543293,-1280.3686719733796,3630.943697070409
2014-08-27,254.6626071968542,-2379.5758181947376,2586.521267737189
2014-08-28,1447.9380328484415,-1214.3842480076462,3930.111132709639
2014-08-29,2021.123807831058,-707.1821758271755,4668.386068548948
2014-08-30,1762.4383813919853,-860.8202884548198,4298.100131119592
2014-08-31,1981.7401065420286,-453.80876633646244,4256.615772725532
2014-09-01,2268.353187340842,-321.1075075707558,5020.708266813609
2014-09-02,1664.375558734269,-703.7774369474465,4239.931137197089
2014-09-03,783.7934175875296,-1792.7884857951876,3326.3160642877383
2014-09-04,1983.6836211785444,-582.9988396465307,4469.842454098955
2014-09-05,2558.1987873739554,-23.929568030017027,5284.240975301647
2014-09-06,2295.325991690461,-193.9375868889811,4728.391186981115
2014-09-07,2504.77342361127,-91.68146460525848,5113.518489297821
2014-09-08,2775.8000680234245,201.2618112465181,5564.195757370934
2014-09-09,2150.5257276880066,-304.1310573836341,4535.036300994463
2014-09-10,1243.0460823475692,-1330.3035264583277,3679.741247605697
2014-09-11,2410.6340144880132,-100.71714822066448,4983.152494099253
2014-09-12,2947.7220848948355,206.65230276671116,5589.60691370538
2014-09-13,2642.657135122382,63.316893239919175,5173.664548566747
2014-09-14,2805.5814907304057,166.42384500291826,5237.624839205273
2014-09-15,3026.255968432364,584.3784242968704,5569.283366132418
2014-09-16,2347.3621617400986,-137.91494812498308,5049.018529214189
2014-09-17,1383.6088757481166,-1096.0463290515731,3922.5270225014856
2014-09-18,2492.9241275486484,-158.8146621587774,4897.854475641712
2014-09-19,2970.4277881070616,370.1409921027719,5675.395482126689
2014-09-20,2605.1760364773736,38.43599606691204,5014.513332156251
2014-09-21,2708.0322902113876,-20.49242523485987,5416.280885348522
2014-09-22,2869.47999697112,349.96836901152335,5455.2845371315225
2014-09-23,2132.9149314403157,-592.1403694444534,4693.9754618250645
2014-09-24,1113.7420222981875,-1542.6700841850034,3694.2448483894555
2014-09-25,2170.5582614455225,-427.66733265446106,4800.203763105326
2014-09-26,2599.116886946552,-23.04683515355529,5166.299951814984
2014-09-27,2189.0641047639792,-200.05518333682454,4735.205390671111
2014-09-28,2251.8030855915013,-343.78911140689183,4775.103639730113
2014-09-29,2378.300672854033,-287.22571898979015,4936.861874549803
2014-09-30,1612.3744765947486,-835.6846165035263,4212.029366172227
2014-10-01,569.7853899408057,-1975.7806979030936,3128.468352696061
2014-10-02,1609.4170756277235,-940.4490404575579,4101.964022314438
2014-10-03,2027.2375954105073,-765.7633059769124,4568.452283917141
2014-10-04,1613.0344175396294,-862.8993939964778,4201.9236143486605
2014-10-05,1678.277500662025,-968.8706372034637,4161.6398452668955
2014-10-06,1813.925846997576,-760.919878267955,4384.96332255661
2014-10-07,1063.7151541908042,-1621.002834020189,3625.9873967428953
2014-10-08,43.25155742908669,-2581.3862203343638,2642.7881178859234
2014-10-09,1111.1929671194616,-1371.622362649677,3601.4803525104753
2014-10-10,1563.2131371254309,-946.8705668883425,4204.8566323622
2014-10-11,1188.7396666468194,-1314.419668036254,3839.4569188424402
2014-10-12,1298.8206101584342,-1184.2706523287252,3816.270177795506
2014-10-13,1483.9350671746374,-1149.6824515274582,4191.763625568434
2014-10-14,787.2853715746242,-1588.5498172136954,3458.65028482945
2014-10-15,-176.1041361574903,-2584.4993645381664,2528.651939355552
2014-10-16,951.7997482981939,-1634.0854712770642,3457.3765268279917
2014-10-17,1466.009168528052,-1097.381139741657,3925.629410206724
2014-10-18,1155.2597015451051,-1517.7681622282626,3668.9052464163497
2014-10-19,1329.8839374733805,-1221.413496054913,3898.587653386756
2014-10-20,1579.6295062819047,-1032.6369916368085,4124.446247228555
2014-10-21,946.9591466975876,-1599.167936545551,3408.09238778475
2014-10-22,46.157767963549304,-2461.950472232666,2463.252190930028
2014-10-23,1234.527957951882,-1283.7890982235863,3733.7714630621613
2014-10-24,1806.3690062981902,-613.4606509610032,4463.6151557680005
2014-10-25,1549.7305607303608,-925.3529378139215,4000.16858088427
2014-10-26,1774.2954826889404,-816.215891576685,4283.037323958913
2014-10-27,2069.2071444209387,-249.40797307627278,4722.611775674213
2014-10-28,1476.378625665851,-865.5231525574587,4224.204161003914
2014-10-29,609.6086073846886,-1839.6441003334373,3028.3856964249144
2014-10-30,1825.7852491833803,-642.9187522223127,4391.003071647982
2014-10-31,2418.8729416232018,-97.31291848929013,4959.991761681753
2014-11-01,2176.672867834868,-551.3959633178343,4541.467492287406
2014-11-02,2408.7117547475827,-102.6528012403014,5027.073942131232
2014-11-03,2704.073873867334,274.1878295842884,5187.386690198628
2014-11-04,2104.7135763215497,-539.3758497428239,4664.4695073278635
2014-11-05,1224.5730011195196,-1301.65454110133,3868.710035079168
2014-11-06,2420.7861053550873,-95.35046586772876,5060.904723012836
2014-11-07,2987.663796134144,406.33891715515335,5554.59307319566
2014-11-08,2713.451018990573,-55.99313526821112,5349.495325239541
2014-11-09,2908.210140104855,351.84710468920537,5376.754825321553
2014-11-10,3161.645680092773,546.5105720076182,5632.513730961028
2014-11-11,2516.4077259084506,-66.17504852388765,5088.0205268744
2014-11-12,1587.1987477490634,-1065.7075951598947,4083.0931337853403
2014-11-13,2731.9651047575267,167.815871293065,5384.1514039011645
2014-11-14,3245.868201164789,808.1453239654227,5759.99456123452
2014-11-15,2918.026374442923,455.9296746563303,5410.007914068093
2014-11-16,3059.382121716804,413.6307054619701,5452.523310964769
2014-11-17,3260.5100285066883,583.3070832377521,5644.35703942961
2014-11-18,2564.9030645311423,135.2049530284425,5398.655892019946
2014-11-19,1588.0623364087244,-993.096888446631,4156.092078071893
2014-11-20,2688.6719608046074,-137.31595046300245,5228.9015814979675
2014-11-21,3162.5544073634755,646.4978552367967,5731.534084694425
2014-11-22,2799.3977790060317,56.68112142781106,5446.6090081501015
2014-11-23,2910.610010212223,223.3384272950813,5462.732131990589
2014-11-24,3087.115700021903,438.3006315688142,5560.1971198599995
2014-11-25,2372.6335653012784,-84.29870335645366,5055.31139921107
2014-11-26,1382.7598800880187,-1138.4677232696076,4126.142472483673
2014-11-27,2476.139811178239,-111.06809617587453,5060.927955412065
2014-11-28,2948.422135326674,359.4218530174028,5644.473467842094
2014-11-29,2588.988946570442,-55.934112633656255,5090.644560833622
2014-11-30,2708.815352630151,281.14464587986157,5226.600140262692
2014-12-01,2898.2748427791034,392.35168016318545,5522.0429813311675
2014-12-02,2200.428199254992,-162.23179860395842,4699.947147365706
2014-12-03,1230.1211328463633,-1386.999984730147,3925.079962519941
2014-12-04,2345.1722735183193,-259.8554032532074,5028.7029983508155
2014-12-05,2840.3467055387728,377.1082272981219,5393.222387672782
2014-12-06,2504.1062271687024,-148.5014010897188,5121.125689202149
2014-12-07,2646.4909029070686,56.65749877516036,5294.063172702618
2014-12-08,2856.9470937313918,325.1068029244451,5372.392541932398
2014-12-09,2177.639310012112,-226.9528589713179,4887.242660531022
2014-12-10,1222.5705188006493,-1391.6585436882672,4020.7855768466193
2014-12-11,2348.791979342811,-207.4476470407825,4847.419535770911
2014-12-12,2850.397244918139,314.1006438616021,5344.753717007606
2014-12-13,2515.290979780837,-13.353129586843401,5118.274475307666
2014-12-14,2653.086661910031,84.09600199948817,5304.838842051366
2014-12-15,2852.947907190458,225.1425710725909,5361.497103085173
2014-12-16,2156.9103702479983,-277.77388729379385,4653.18413553501
2014-12-17,1179.0085356932832,-1321.4530184642338,3857.9892324669518
2014-12-18,2276.4882372630345,-314.39739227977276,4887.753180055702
2014-12-19,2743.7993959180335,143.12281657641907,5255.407713756551
2014-12-20,2369.359574011464,-114.87273594690474,4994.1941370363575
2014-12-21,2463.442463214141,-60.73720976768637,5171.110684796829
2014-12-22,2616.0061885979994,182.21992224020198,5258.7265179819215
2014-12-23,1869.9986290627821,-668.0616447996225,4610.61012000943
2014-12-24,840.4644068801656,-1805.322940168392,3492.330547822295
2014-12-25,1885.7348102145834,-585.5442598563612,4517.494369366336
2014-12-26,2301.3956444319506,-254.58636378004837,4835.435258350589
2014-12-27,1877.0241810906177,-711.0918765632523,4301.160943302441
2014-12-28,1924.049947891436,-778.4484115135332,4408.223980737133
2014-12-29,2033.5549066303072,-493.27156260821755,4438.33754779805
2014-12-30,1249.550906664021,-1293.2105303930912,4018.293556345097
2014-12-31,188.059759876704,-2315.1926055224367,2634.271869457527
2015-01-01,1208.277882396864,-1385.508063349952,3707.5236189667953
2015-01-02,1606.5211511510704,-829.4939981780832,4202.435549877819
2015-01-03,1172.9417500295613,-1566.6319531313084,3650.9589225701716
2015-01-04,1219.3722925912487,-1412.7938721641183,3887.4643030772418
2015-01-05,1337.1132346443212,-1250.9369475693204,3826.4907862520363
2015-01-06,570.2018404905958,-2120.7970570668367,3242.4361540529926
2015-01-07,-465.51167623301126,-2698.0176969077456,2258.363911629384
2015-01-08,588.8012736855347,-2013.575500913003,3163.351876522708
2015-01-09,1028.8980647172393,-1561.7944051114282,3587.5675831079443
2015-01-10,644.1919563615656,-1921.3565175985837,3236.274445212041
2015-01-11,745.6109834112448,-1833.366041174677,3135.7663373660343
2015-01-12,923.4043519055584,-1873.6160928094585,3518.0978839785503
2015-01-13,220.4341776218082,-2230.1846347607766,2788.554185164815
2015-01-14,-748.7222894947975,-3529.2933495653324,1923.2139201353252
2015-01-15,373.42152420864886,-2248.33780992248,2866.672887077452
2015-01-16,881.2427122826728,-1583.2135273402523,3517.373958880953
2015-01-17,562.7680632201523,-2022.8923774060734,3157.085158438808
2015-01-18,727.5655433299609,-1726.2519813505485,3322.103297249519
2015-01-19,964.5830065943394,-1531.708861024133,3562.65761366953
2015-01-20,315.471190391606,-2073.6691905460993,2807.193128585165
2015-01-21,-606.2846682053737,-3327.1213907184956,1964.3762626113241
2015-01-22,555.8561786175492,-2016.791871355628,2845.74127673609
2015-01-23,1095.4947397346534,-1441.236058216742,3900.263654699509
2015-01-24,800.0711440490196,-1704.7161646274728,3428.803980733186
2015-01-25,978.7714219123982,-1594.1950981365987,3667.5750082104705
2015-01-26,1220.3767169376254,-1292.8900416428808,3952.791058454781
2015-01-27,566.5916916668768,-1903.3562727387832,3315.8205718913273
2015-01-28,-368.8237100593469,-2855.426552639141,2268.7022753610154
2015-01-29,771.1615874348706,-1976.5067982100038,3245.382695096108
2015-01-30,1280.84416302641,-1478.101724873066,3641.7628613812853
2015-01-31,948.5495781763191,-1627.721098051009,3575.2824285183888
2015-02-01,1084.5191207805,-1512.5386758482748,3619.545949295394
2015-02-02,1278.734781248577,-1129.9218445431584,3786.024744101557
2015-02-03,574.2197901223637,-1987.077023911948,3274.1450557042263
2015-02-04,-413.8604614194205,-2960.587727252695,2151.498295694426
2015-02-05,672.9843481504573,-1694.0068847323278,3297.949962353306
2015-02-06,1130.5293155440488,-1443.7427321633998,3631.3311314582397
2015-02-07,748.5626518730005,-1902.4251714658433,3432.8650836257084
2015-02-08,838.7375227357109,-1841.1785640179714,3555.349070748952
2015-02-09,992.3632038690494,-1441.2518598527292,3619.7761273022247
2015-02-10,253.67370430485266,-2421.6096136926767,2768.981518180882
2015-02-11,-761.1005440564486,-3422.5840367463247,1697.9488624021817
2015-02-12,307.4242489827807,-2284.9820391977682,2891.9594753118786
2015-02-13,755.723269794891,-1765.2270718335858,3383.4246266626888
2015-02-14,374.07419285429705,-2209.40295988088,2876.155813170944
2015-02-15,474.39675383513554,-1891.0458225882383,3219.982183242629
2015-02-16,648.0369170280903,-1913.6649049023085,3264.125898246699
2015-02-17,-60.96604237536462,-2568.593506691975,2593.513029014675
2015-02-18,-1036.8039073839002,-3486.1624565130005,1608.4426050315
2015-02-19,79.26673981691215,-2506.6548981400765,2597.554282341895
2015-02-20,582.877029745213,-2102.17055470725,3095.8910498308182
2015-02-21,263.2761639764151,-2209.733629081636,2876.123386697356
2015-02-22,431.19457240836186,-2017.6450643678002,3275.8314731859064
2015-02-23,676.6554030751955,-1747.1606042934488,3181.243267431022
2015-02-24,42.27199571811525,-2567.6992502839416,2642.642380316536
2015-02-25,-857.6437694259594,-3627.528588826869,1762.2005621417416
2015-02-26,334.1190355566109,-2220.992915522433,3189.2002116407384
2015-02-27,911.6578490889228,-1827.026484097245,3617.6875720130147
2015-02-28,662.7217745257564,-2043.3514569259617,3268.8911772692923
2015-03-01,896.608572197737,-1730.3440550688915,3624.5804487557275
2015-03-02,1202.0081877279376,-1383.8905131040879,3758.2766817022775
2015-03-03,620.3297251317924,-2001.281436413071,3160.7931921651634
2015-03-04,-235.16393615965376,-2776.334128526524,2471.615950494202
2015-03-05,991.8667979980402,-1620.9645289445698,3704.7636717148735
2015-03-06,1594.843786728747,-814.4783878429687,4228.897101996242
2015-03-07,1361.0496711811454,-1204.6991108872933,3931.335494822733
2015-03-08,1599.5332011147098,-1047.591764246819,4397.813608829571
2015-03-09,1898.955950325087,-689.5165752891722,4595.313723548637
2015-03-10,1300.9172953576679,-1359.3139462269787,3787.6506344192326
2015-03-11,419.0819681482078,-2030.9437655458628,3074.2038389597915
2015-03-12,1610.3910935306046,-971.7191927541305,4153.980348064691
2015-03-13,2169.0513500774005,-505.2589708670493,4737.109183641338
2015-03-14,1883.2930666856687,-577.8554015984871,4399.7569556767985
2015-03-15,2063.251648809156,-595.0749936665478,4507.989245930759
2015-03-16,2298.787543828259,-387.92097577210404,4981.463053034625
2015-03-17,1632.782312883245,-996.327256376091,4156.117651879499
2015-03-18,680.2358565742119,-2011.4879993490956,3204.0145930655394
2015-03-19,1799.4464672915497,-727.9718880495323,4438.0441186511225
2015-03-20,2285.969113320766,-451.8973149245688,4826.78035109754
2015-03-21,1929.3435196844055,-914.8572625290587,4500.126767891522
2015-03-22,2040.947158371575,-309.1401290300989,4679.429357901743
2015-03-23,2211.789025043643,-258.08084282211126,4799.67648545088
2015-03-24,1485.7823692588586,-1086.3184266351016,3969.936362523726
2015-03-25,478.8219432524022,-2151.823532162027,3087.7569669325553
2015-03-26,1549.9478654599286,-948.2391130637217,4027.6850777178433
2015-03-27,1995.2918237011736,-414.3062720380024,4481.149514250682
2015-03-28,1604.7973925080987,-783.7152533036108,4247.795685657353
2015-03-29,1690.0696728244059,-950.4043988675928,4119.82482515788
2015-03-30,1842.1701123587532,-735.0813951102009,4462.50626701542
2015-03-31,1104.8945425760094,-1509.8664080665183,3772.40313517128
2015-04-01,93.85975973992777,-2747.9304520766896,2616.5053853987215
2015-04-02,1167.680409700612,-1196.1853614525462,3917.9949347339007
2015-04-03,1621.931476841744,-1143.668948343965,4336.459724561715
2015-04-04,1245.8876516249948,-1425.468971999232,3932.2325587944674
2015-04-05,1350.3942240268916,-1039.5930427136211,4043.081906534195
2015-04-06,1525.684755115861,-847.8314932926962,4219.091455591359
2015-04-07,814.6829286150252,-1730.6780317990138,3398.9983601548984
2015-04-08,-167.88673535009752,-2619.5501029832026,2425.963062598634
2015-04-09,935.7018166920491,-1745.6920967892788,3410.7722900468207
2015-04-10,1420.161536613432,-1259.0275071054662,3868.0861802989753
2015-04-11,1073.9530059179792,-1688.0239449555993,3707.090332662919
2015-04-12,1207.174657928834,-1260.7740530975211,3783.639548220895
2015-04-13,1409.3972872492932,-1236.9657040733794,3859.6028745968015
2015-04-14,722.9798699953081,-1824.0434389846691,3371.1454922370995
2015-04-15,-237.80768286246303,-2751.5216359388724,2380.7575727496082
2015-04-16,884.4199200783573,-1740.7799265489398,3278.4189669541674
2015-04-17,1384.1563928155892,-1217.3277234545133,3940.055071770597
2015-04-18,1049.7638772185521,-1621.2240456066625,3450.9854734926257
2015-04-19,1191.360284967606,-1436.644037262721,3569.8678044940775
2015-04-20,1398.6477172980867,-1289.6044048622268,3814.042120798981
2015-04-21,714.219246806939,-1945.6999512599057,3457.909100275185
2015-04-22,-247.33121333744157,-2838.542249971998,2506.2561712908864
2015-04-23,871.7853673464122,-1738.8127301965005,3669.7242194932824
2015-04-24,1366.5268521436526,-1228.8808898577192,3876.2957664998976
2015-04-25,1025.7642701597165,-1601.9749958649354,3444.339511983815
2015-04-26,1160.1514905523168,-1250.0254304380558,3822.568286463369
2015-04-27,1359.9357324574542,-1231.1754047698737,4017.9011661159293
2015-04-28,668.2467099168715,-1939.8396589627073,3290.5005110447646
2015-04-29,-299.8103677851284,-3013.9650042442763,2336.515920757176
2015-04-30,814.0238414107365,-1805.8434660596492,3221.2049200435913
2015-05-01,1305.122534334951,-1284.6671553586511,3810.7782881368253
2015-05-02,962.705107484067,-1833.8408595515582,3506.1564065358502
2015-05-03,1097.6971432297798,-1599.963708273554,3724.0923958946823
2015-05-04,1300.5337542012503,-1385.802417021103,4013.025926435254
2015-05-05,614.4442309548052,-2023.9229678518157,3055.441661139892
2015-05-06,-345.4567201904431,-3051.4785016087926,2394.7137170875994
2015-05-07,779.010619725978,-1963.3235377287906,3404.320676996391
2015-05-08,1283.0542951384182,-1380.2976438543953,3938.135154083348
2015-05-09,955.649079814928,-1660.6352243153,3498.3835640389443
2015-05-10,1107.4047597390509,-1445.0865035916997,3658.283622559007
2015-05-11,1328.379722561644,-1048.5232416270253,3932.9064937318963
2015-05-12,661.377460033246,-1945.8449067922727,3226.3148423738976
2015-05-13,-278.94910721286897,-2794.6710976297527,2211.465591764288
2015-05-14,865.0958818078332,-1501.8035308320636,3462.3657067276736
2015-05-15,1388.228864043891,-1306.813709954266,4046.118445378819
2015-05-16,1078.939565158079,-1399.2770314578484,3643.1297531957953
2015-05-17,1247.3731649163774,-1064.3411303668897,3745.467395538865
2015-05-18,1483.1569516068814,-1214.6140787665472,3968.2309162118045
2015-05-19,828.7087126406063,-1561.0939503440006,3372.563399641821
2015-05-20,-101.64854662526,-2680.054187371882,2507.011738156406
2015-05-21,1049.5155409640154,-1364.83509454073,3570.84310133782
2015-05-22,1576.7230000050833,-870.9543595426381,4229.555504591062
2015-05-23,1268.3447636511146,-1316.3248734777476,3780.355448245856
2015-05-24,1434.4851711080403,-1233.9372586693187,4027.2372348043655
2015-05-25,1664.8087287535184,-742.9841505262614,4411.699796037238
2015-05-26,1001.8464277633122,-1515.24566456991,3429.558376647202
2015-05-27,60.106317951971505,-2514.3469679810655,2728.2562309698396
2015-05-28,1197.269599858055,-1478.3510084008683,3634.0196481390426
2015-05-29,1708.1671785208455,-676.8516010338956,4373.102678813138
2015-05-30,1381.5277432879147,-1157.1387540603112,3991.034793483836
2015-05-31,1527.8519605841893,-850.9620593061063,4223.4972739048835
2015-06-01,1737.2756090339917,-803.0027437101606,4301.0359505418555
2015-06-02,1052.7218369254517,-1174.6434038201667,3683.191648097791
2015-06-03,89.14248668218397,-2432.8978055198886,2699.6258444339487
2015-06-04,1204.655185718416,-1331.6330224487242,3863.8911530005653
2015-06-05,1694.5089220765792,-787.3130769519465,4425.640005214001
2015-06-06,1347.8219795715988,-1114.3086916091097,3964.6142423644637
2015-06-07,1475.4470875852053,-972.4204603041577,4018.615250828963
2015-06-08,1667.7793536817635,-906.0997993016773,4155.516482638421
2015-06-09,968.0447933489178,-1765.523849448624,3621.7835009085925
2015-06-10,-8.605366144594882,-2669.022941442294,2477.21546689888
2015-06-11,1096.0870743896471,-1472.8663799107965,3769.4381633914722
2015-06-12,1577.4517976512368,-1057.484665826242,4244.517167589959
2015-06-13,1224.628571933798,-1255.9137051708447,3931.4331438632194
2015-06-14,1348.4347217586449,-1154.7511457830435,3932.023990505243
2015-06-15,1539.1769104428772,-1091.0232942415805,4249.758356165201
2015-06-16,839.9448813107555,-1650.4357642447883,3428.725588558835
2015-06-17,-134.28786962583445,-2686.604026221256,2368.131921295542
2015-06-18,974.524958904701,-1635.3134025654947,3664.990729059492
2015-06-19,1461.4749458273168,-1190.6484660280273,3924.2574205734822
2015-06-20,1115.4459104135237,-1427.340546072111,3809.994490368512
2015-06-21,1246.9898703467832,-1247.6716444741703,3585.1173779241553
2015-06-22,1446.1471694930049,-1190.6245231981936,3738.7379343505313
2015-06-23,755.7481654843039,-1682.4103794515065,3305.6462222093423
2015-06-24,-209.47878657451065,-2849.448981798989,2383.7971788009886
2015-06-25,908.2881848522553,-1745.224601239421,3449.845480484164
2015-06-26,1403.9423855957332,-1323.390148868365,3835.2685700515362
2015-06-27,1066.199804960634,-1501.9731585217014,3609.9951343046455
2015-06-28,1205.4781046487296,-1405.3182164401903,3639.5308085899314
2015-06-29,1411.7184690801719,-1161.5452138592113,3859.963739656216
2015-06-30,727.6876990301137,-2067.4211712031897,3091.5236387130617
2015-07-01,-231.91467927358713,-2942.3067396418564,2311.649942508206
2015-07-02,890.7370272811547,-1731.4635319230408,3525.542538223427
2015-07-03,1390.5694323764337,-1129.0547470937925,4003.9752039436353
2015-07-04,1056.3572190798918,-1386.9349079151868,3788.776778121259
2015-07-05,1198.5972710595693,-1543.8393394505224,3698.115709352016
2015-07-06,1407.325108942248,-1091.1138020285375,4134.418911769694
2015-07-07,725.411229915378,-1835.057325663721,3273.002719431918
2015-07-08,-232.33765338430635,-2930.1326347580425,2321.356923308304
2015-07-09,892.0090662262756,-1644.3914231653075,3403.2887422213885
2015-07-10,1393.4752064805718,-1114.351894611932,4046.5888088969527
2015-07-11,1060.920033595551,-1395.192522312344,3693.3170064605956
2015-07-12,1204.9081905760734,-1366.360834740591,3866.9963071006587
2015-07-13,1415.522792622837,-1039.6726578493692,4062.461299538113
2015-07-14,735.6594098638694,-2048.999866637412,3058.891959168346
2015-07-15,-219.87398037931916,-2777.826307193596,2274.2956638625255
2015-07-16,906.8305167910262,-1817.7032299670414,3566.441603693576
2015-07-17,1410.882752803349,-936.305030542138,3858.70661224014
2015-07-18,1080.9435247099264,-1421.4513023200725,3481.545134212518
2015-07-19,1227.4928732962496,-1374.1953696188857,3651.6432072498874
2015-07-20,1440.515396925229,-1321.4466266477352,3850.2974948662763
2015-07-21,762.7989913237824,-1828.697084947043,3236.679678126622
2015-07-22,-190.95983799639316,-2486.5908062593007,2428.628684473962
2015-07-23,937.0373057977384,-1679.5840311387337,3511.7414902229693
2015-07-24,1441.666957226148,-1218.5655840851628,4043.362940203293
2015-07-25,1111.63403395862,-1504.003911479779,3712.0029463775786
2015-07-26,1257.350557396984,-1264.5402836530297,3826.5354472880754
2015-07-27,1468.758000860441,-790.8934255713602,4101.207041234356
2015-07-28,788.630639955403,-1813.462738913944,3491.2684904453317
2015-07-29,-168.3153681983374,-2897.7012830706485,2452.354994012302
2015-07-30,955.7740578743125,-1532.282387227584,3493.806525251013
2015-07-31,1455.8687943069456,-1042.624506385385,4174.861842238368
2015-08-01,1120.8051464507132,-1459.3947094620416,3622.724181469915
2015-08-02,1261.1636639466674,-1375.2780644044865,4026.1723572150477
2015-08-03,1467.0892691387905,-1139.3529336246154,4242.893545491269
2015-08-04,781.5910947400217,-1846.7948172119484,3441.680408555807
2015-08-05,-180.35318034934585,-2817.270946990468,2415.415275320532
2015-08-06,939.3928392387966,-1853.1718163531295,3370.0307413831133
2015-08-07,1436.0952722836416,-1402.644271141368,4031.557746378026
2015-08-08,1098.8929125264112,-1535.4422120517972,3575.933110448814
2015-08-09,1238.6667405815854,-1240.793160463671,3968.7476180437984
2015-08-10,1445.8513508105273,-1136.8556273075749,4003.274873560672
2015-08-11,763.7259272577215,-1702.4548595579502,3313.8473916873786
2015-08-12,-192.49019506244372,-2816.2865499678564,2563.4115852396735
2015-08-13,935.5442025351266,-1569.9672493233788,3545.058475464098
2015-08-14,1443.2553734733171,-1078.8737013590503,3997.1390440079676
2015-08-15,1119.8905160976387,-1447.6911984303676,3632.6977327370896
2015-08-16,1276.3812728298174,-1235.5547618250923,3951.543156665069
2015-08-17,1503.150362089347,-1145.3860183590023,4034.6418244828265
2015-08-18,843.3991359405953,-1826.4190244433305,3222.862735936159
2015-08-19,-87.79877627392148,-2762.7726651485145,2364.5556344305387
2015-08-20,1067.6839331263989,-1651.903552984526,3585.501620307317
2015-08-21,1604.9927000544592,-949.2727378119855,4022.289401988486
2015-08-22,1313.0299302163046,-1438.1838863381338,3745.857645088664
2015-08-23,1502.323021828418,-934.2866555679583,4289.301135128312
2015-08-24,1762.8370316078567,-727.3848770952114,4538.121151227648
2015-08-25,1137.269656044508,-1351.3108372708914,3650.102501491482
2015-08-26,240.15353150041892,-2433.92752200122,2622.564666842327
2015-08-27,1429.0473361539205,-1209.6992315542432,3895.6865259650262
2015-08-28,1998.5107703642834,-647.2216345417851,4701.149400545943
2015-08-29,1736.8545225829316,-821.3826592494603,4120.362815515724
2015-08-30,1954.0197603125744,-589.4908394522756,4480.832083349887
2015-08-31,2239.4023502214422,-147.67543425894593,4899.5642703156245
2015-09-01,1635.159220492506,-923.4287309963289,4300.793246140174
2015-09-02,755.5148693423811,-1892.6506651979846,3482.421031577865
2015-09-03,1957.3829916057323,-703.223057003106,4567.479168078116
2015-09-04,2534.930615789689,-68.58462028122614,5137.9448269501
2015-09-05,2276.143119145256,-365.5025301804644,4845.448867489143
2015-09-06,2490.710757660686,-73.88482025317546,5115.366665689604
2015-09-07,2767.8585207207134,276.4420582668256,5477.3472217613535
2015-09-08,2149.6566175205453,-281.8443513316007,4676.244893814513
2015-09-09,1250.1362757814916,-1290.1161048698484,3823.8834441887975
2015-09-10,2426.4920620092544,59.78914475469543,4910.0688179814615
2015-09-11,2973.065580925596,223.2164322187642,5622.9117350277465
2015-09-12,2678.1015014115314,249.3080622542242,5266.242078785054
2015-09-13,2851.6303500369704,327.87245784008303,5437.885581931418
2015-09-14,3083.2932403265872,361.3600636814036,5559.111213249571
2015-09-15,2415.6459760706857,67.44875086283287,5300.362419542142
2015-09-16,1463.2673629947506,-1159.8373923866077,4109.153274582768
2015-09-17,2583.9531094281847,-91.19235805326717,5183.26232938034
2015-09-18,3072.690357762911,475.68174647926077,5716.389810764392
2015-09-19,2718.403985569339,238.74815405143994,5506.085327963121
2015-09-20,2831.829311482742,199.6160056267529,5368.210171055501
2015-09-21,3003.3265653467697,350.47658123480807,5592.760185679963
2015-09-22,2276.1747452254917,-293.4072791386951,4928.3891869162935
2015-09-23,1265.6698685434253,-1207.3607382055045,3978.472576540793
2015-09-24,2330.3091562259756,-122.93499674062386,5093.638462527308
2015-09-25,2765.756332164925,102.64717109623479,5301.487434408058
2015-09-26,2361.57929766533,-61.02818307045201,5122.289791152384
2015-09-27,2429.114915578437,-13.111738709298754,5164.802544746894
2015-09-28,2559.2763415497066,76.91983324514679,5059.934788855296
2015-09-29,1795.8405812727092,-1021.9048011335426,4251.48492196877
2015-09-30,754.5413166440109,-1860.720203909894,3231.3688717170317
2015-10-01,1794.2485561040266,-805.3061044419421,4441.504119941293
2015-10-02,2210.930290691871,-350.9710637645203,4668.589933969305
2015-10-03,1794.387400086684,-813.2748097315724,4342.9994479984225
2015-10-04,1856.1165159633633,-643.3724594231842,4524.713945285942
2015-10-05,1987.1162438584392,-521.0659422502512,4557.333694193459
2015-10-06,1231.1743803078275,-1454.7946246675915,3819.190622255341
2015-10-07,203.96112303189852,-2292.4385747077827,2929.7790012534047
2015-10-08,1264.2097841205862,-1346.293672154977,3824.249757240628
2015-10-09,1707.6801446024401,-788.042611770119,4300.960025871375
2015-10-10,1323.8956556336216,-1300.0223562360563,4035.198526796226
2015-10-11,1424.0091601857448,-1292.0327666777812,4064.4019239489994
2015-10-12,1598.612509526093,-1048.5970657549612,4170.021145979914
2015-10-13,891.0276910593603,-1727.350425604581,3395.1435246210626
2015-10-14,-83.59554839574616,-2758.447416436921,2700.243383624696
2015-10-15,1032.9059179073763,-1356.4515793059172,3785.195979039625
2015-10-16,1535.6773486035115,-1068.9404044582925,4089.214086226293
2015-10-17,1213.5892208550706,-1189.381429464224,3818.3159446181803
2015-10-18,1377.3229242718169,-1216.543833412169,3991.01840742572
2015-10-19,1616.546426199893,-789.717784694332,4206.060814964633
2015-10-20,973.8535239748112,-1643.7967022534026,3582.458016712276
2015-10-21,63.6556388142119,-2507.8679722991797,2594.9229761756624
2015-10-22,1243.3756273733227,-1255.0416446766706,3657.258589509836
2015-10-23,1807.425099621304,-930.0528016384852,4392.807874615462
2015-10-24,1543.956385988765,-892.08991538606,3976.567440221933
2015-10-25,1762.7437475721208,-642.9729561163571,4539.019395165032
2015-10-26,2053.00910235041,-413.40609017331883,4638.592408232502
2015-10-27,1456.7297583983957,-1133.537704113044,3947.855430989911
2015-10-28,587.7529859520972,-2005.8122743502183,3142.0955517832767
2015-10-29,1802.9987500529533,-877.6623585697981,4402.56183572594
2015-10-30,2396.4455296683263,-333.18468469730306,4958.79280457033
2015-10-31,2155.8901911347716,-627.6593699440622,4671.8729703433555
2015-11-01,2390.8363270118184,-161.0485591637275,4934.589432176671
2015-11-02,2690.326147667515,-21.276624492114216,5110.096429045094
2015-11-03,2096.2532328401335,-661.4134303808163,4628.539035563327
2015-11-04,1222.480798955072,-1345.4841490400072,3735.854351587612
2015-11-05,2426.0466410660547,-93.71049418499499,4985.244055036125
2015-11-06,3001.149531799796,496.0405111112281,5431.6011433460035
2015-11-07,2735.907926471133,122.75420903240696,5474.64173268172
2015-11-08,2940.245297509945,108.4139325980237,5313.030054607955
2015-11-09,3203.717132822684,735.9920423562471,5698.6788630009405
2015-11-10,2568.8168927327297,-24.22878992086914,5148.061315193788
2015-11-11,1650.0856117452038,-820.2608048344454,4249.564964187448
2015-11-12,2805.306380394449,452.17641520627325,5610.15745404538
2015-11-13,3329.4786127162943,847.2572999870965,5924.81102495666
2015-11-14,3011.563118861531,375.4948329888052,5675.608728825404
2015-11-15,3162.3525217418437,816.8492074399212,5634.629679856016
2015-11-16,3372.2823111272864,641.3044519143585,5949.816827377193
2015-11-17,2684.7201272745747,173.71919037444772,5164.295243243656
2015-11-18,1715.0582911809192,-821.326153015161,4343.507243917973
2015-11-19,2821.8911741433044,41.14035035768797,5322.64221996332
2015-11-20,3300.972688583076,914.7453870198707,5896.626608083547
2015-11-21,2941.9453061914974,280.4758671002363,5323.67413570869
2015-11-22,3056.195529637679,582.4963847376497,5463.82593715763
2015-11-23,3234.651489547457,790.3250595661353,5775.124540468655
2015-11-24,2521.0606177819973,-220.14384862820393,5045.108424993937
2015-11-25,1531.0727438990864,-998.9912607358319,4297.164630417504
2015-11-26,2623.4104980625452,165.41045248361843,5297.5137052358305
2015-11-27,3093.8225449878255,546.4651237417332,5684.629133130209
2015-11-28,2731.811241014775,136.1183712304899,5418.863911455141
2015-11-29,2848.48976351205,263.59896919542683,5161.320041176944
2015-11-30,3034.384437936177,461.61164925785556,5595.6475063795815
2015-12-01,2332.72019447747,-322.59810967270965,4791.962425500315
2015-12-02,1358.514406604616,-1318.040526259742,3775.9393318674124
2015-12-03,2469.7608248316346,-182.13418998473998,5077.304458585931
2015-12-04,2961.5774924835614,490.09679749120454,5623.914059273602
2015-12-05,2622.416891016032,177.5681828954441,5219.814518302487
2015-12-06,2762.4790465105525,209.3111524231011,5311.9997116618715
2015-12-07,2971.3568261766513,461.3961717884941,5683.356363632352
2015-12-08,2291.3439040554103,-202.98439066642686,4671.7192295648265
2015-12-09,1336.5515221198493,-1186.1637170677911,3811.0909509209587
2015-12-10,2464.115215351232,-66.7951557453277,4921.633396406175
2015-12-11,2968.186225121678,631.027816780226,5577.5555571055065
2015-12-12,2636.6983249217433,199.5831509224194,5393.2006205063335
2015-12-13,2779.264191366323,233.24815082053897,5443.901569892059
2015-12-14,2985.0161032190263,514.511199828053,5631.438856047178
2015-12-15,2295.9279542570425,-225.79537944356034,4950.346736349366
2015-12-16,1325.9429065879613,-1156.8459897489074,3848.626325664016
2015-12-17,2432.18751616234,-284.5233519353762,5031.604951277667
2015-12-18,2908.9667972541506,273.3091321509656,5560.1285251199915
2015-12-19,2544.530779953588,-152.91708635021033,5153.135938341469
2015-12-20,2648.9666176212813,81.7576009205897,5280.991983749195
2015-12-21,2812.0310492471936,87.01587113997445,5408.804037936124
2015-12-22,2076.46032434926,-420.0753920522393,4794.0407611242645
2015-12-23,1057.0821377603327,-1414.9218149061724,3504.8176282004088
2015-12-24,2112.0107220587292,-527.1272107212651,4643.631600375979
2015-12-25,2536.6199697344296,44.51548281387434,5248.985988933411
2015-12-26,2120.28562522566,-498.1816900802487,4719.186440420887
2015-12-27,2174.2511600053936,-357.88153322597515,4786.512588647589
2015-12-28,2289.432749123014,-226.95951585369647,4905.0722643166755
2015-12-29,1509.7011131618715,-1047.6404051771865,4208.323755511823
2015-12-30,450.9654562161578,-2165.7905867773316,3151.5952448428247
2015-12-31,1472.3413410165872,-960.0821789868545,3804.01651185824
2016-01-01,1870.098059256649,-672.1657668398088,4452.9022720256435
2016-01-02,1434.3771984630798,-1021.7411599894828,4106.601592126211
2016-01-03,1477.037637626227,-1111.101531884221,4157.061056401537
2016-01-04,1589.4429505975518,-878.7941676451655,4125.558869510931
2016-01-05,815.7294682419869,-1554.1726316881322,3387.4109236678223
2016-01-06,-228.11937025795237,-2710.2508666260633,2192.879205986973
2016-01-07,816.8897654118368,-1848.7276358010547,3330.8083327392246
2016-01-08,1246.7070626058367,-1297.371534924443,3879.270428615766
2016-01-09,850.9624953401491,-1758.860727523159,3167.893165259635
2016-01-10,940.8199112760808,-1758.0995917538403,3638.0446985222434
2016-01-11,1106.778098060758,-1408.3958881922322,3890.7995306854327
2016-01-12,391.9568067787218,-2186.2687477960653,2948.557097876099
2016-01-13,-588.8070210093235,-3013.783129842485,2249.186138410093
2016-01-14,522.2288332624682,-2154.134017012177,2999.8781315506953
2016-01-15,1019.6869849253765,-1459.7525818590577,3480.018814652096
2016-01-16,691.8237237581802,-1876.8229755945854,3269.1373589765094
2016-01-17,848.4149251341498,-1879.2254154989419,3450.3240538670707
2016-01-18,1078.5896534601347,-1390.6623095953037,3899.174970247528
2016-01-19,424.14864641769327,-2107.7875220826663,2833.166427200691
2016-01-20,-501.2203558940357,-3128.438908057139,2059.169508282983
2016-01-21,659.0128692831485,-1765.94652688258,3075.6052419412204
2016-01-22,1198.4862179876895,-1273.3310252857325,3877.589725863587
2016-01-23,904.6354539208876,-1831.3714002239208,3415.7509037924574
2016-01-24,1086.600823186816,-1569.2364191246477,3476.959074390068
2016-01-25,1333.0770954259428,-1345.515239868636,3886.7728407588984
2016-01-26,685.6437815586419,-2066.4380666389093,3202.457617167341
2016-01-27,-242.1003465690585,-2682.2834088640016,2304.848013194388
2016-01-28,906.6822356562377,-1566.9329440700722,3612.0069953737107
2016-01-29,1426.0666187763059,-1240.747813535708,4043.3540450180494
2016-01-30,1104.134077385206,-1617.9958078919713,3765.6067135936
2016-01-31,1250.8645280596165,-1463.3555470697142,3749.577358777983
2016-02-01,1455.967658751146,-1137.3246287926358,4240.083998158432
2016-02-02,762.1899111927229,-1963.5210992721027,3116.569928473547
2016-02-03,-215.57801777325494,-2980.792424543759,2209.8278545279763
2016-02-04,880.8881510142363,-1591.2106256798022,3611.763782224005
2016-02-05,1347.1124986991986,-1265.504262414819,4057.1893596910486
2016-02-06,972.6532845958883,-1613.5585512749149,3567.7951313929075
2016-02-07,1068.9603380204896,-1410.4786247490015,3686.2532505938893
2016-02-08,1227.1711449095374,-1187.3836018390862,3816.046669581603
2016-02-09,491.3836605584024,-2049.7023873298576,3254.9232814587326
2016-02-10,-522.268655013085,-2990.4343671732913,1897.6918575566974
2016-02-11,545.5425186293882,-1968.233234226456,3188.378564147343
2016-02-12,991.2798359437854,-1619.464474501546,3556.652828053894
2016-02-13,605.2517937921673,-1790.9383634318233,3180.8940639621765
2016-02-14,699.4516920703207,-1861.8257980746237,3118.794629578009
2016-02-15,865.3401753632106,-1834.4194412726752,3585.345483924712
2016-02-16,147.10971677804469,-2366.17547880118,2648.2198601216787
2016-02-17,-839.2432579392275,-3419.1182557827997,1511.9523767872902
2016-02-18,265.2435602040764,-2319.8134877099205,2754.708959708985
2016-02-19,756.4458317238654,-1893.1532832769133,3419.9931345950945
2016-02-20,423.87729221890504,-2045.225130366168,3000.5621006187735
2016-02-21,578.5468214470067,-1920.8454635578553,3121.2623307216604
2016-02-22,810.763540185284,-1625.3326317237393,3326.9359584554945
2016-02-23,163.42774140557913,-2472.9949520795035,2678.3963440925686
2016-02-24,-748.8672944746281,-3201.8895587553934,1847.5062069097416
2016-02-25,431.3588401189536,-2181.356432833239,3055.4327746584395
2016-02-26,998.4550906526395,-1545.4179980697631,3564.285743116387
2016-02-27,740.3985160702464,-1741.6847775158917,3222.064658163911
2016-02-28,966.6862773836123,-1779.2868189583505,3558.7810492119834
2016-02-29,1266.1748823733706,-1396.2018604365367,3799.1170219683063
2016-03-01,680.403677579127,-1905.1884874552352,3328.7607027342747
2016-03-02,-177.2731338905653,-2880.9652795526763,2224.1212197917716
2016-03-03,1049.5347836831215,-1615.4277649280086,3784.9498575925595
2016-03-04,1654.2587520515906,-984.4759208035924,4128.102339168383
2016-03-05,1424.1498718069386,-995.852541876394,3926.4232829433918
2016-03-06,1668.1982946183941,-883.3961434192418,4388.0753240430695
2016-03-07,1974.9439376914088,-732.648267129086,4431.3229033734315
2016-03-08,1385.842601616082,-1055.5887280127142,3947.3914959429335
2016-03-09,514.384568218416,-1951.6916632610491,3261.094254207265
2016-03-10,1717.3100626696043,-1036.1123176477513,4229.762661635868
2016-03-11,2288.6033860986176,-313.83447624248436,4952.5580391295
2016-03-12,2016.2564020466857,-553.0799930473443,4587.990284395027
2016-03-13,2210.1556328014635,-271.4361594015276,5114.226615222688
2016-03-14,2459.908032202569,-100.70048461729189,5039.642391782729
2016-03-15,1808.1428580393247,-762.2876502473268,4337.216509498649
2016-03-16,869.6145495565995,-1916.3307262147491,3439.8154422846837
2016-03-17,2002.3881468629631,-585.571408326404,4497.285568023608
2016-03-18,2501.802530877111,-81.30502084861811,5127.152850235049
2016-03-19,2157.2029345392775,-368.97515458053164,4869.640838667083
2016-03-20,2279.797739100019,-198.59081770660475,4992.511474446475
2016-03-21,2460.455351135406,-164.14402110028973,5001.506636482047
2016-03-22,1742.9792652924175,-758.1522674630878,4257.3581826632035
2016-03-23,743.1868364673115,-1894.2333121999893,3286.5664898186355
2016-03-24,1820.0738375597807,-570.1678107454456,4547.959629422739
2016-03-25,2269.760529432445,-252.85749853571411,5082.152557020363
2016-03-26,1882.2110401829632,-632.9941126078635,4455.492725258592
2016-03-27,1969.0813051220637,-684.4216021214754,4360.459869741977
2016-03-28,2121.511487339427,-473.3130788971999,4822.356640905348
2016-03-29,1383.4009935033444,-1305.0239908821216,4006.5645479212217
2016-03-30,370.4915052808549,-2259.3278038890353,2833.661177624737
2016-03-31,1441.5398908046798,-1295.6684565571834,3836.5924461577347
2016-04-01,1892.2764102203682,-610.2084010088106,4699.386575197815
2016-04-02,1512.139608759884,-1066.5866230922275,3942.1935602706935
2016-04-03,1612.1426662977549,-1013.5762044071214,4175.413659195219
2016-04-04,1782.6865760861756,-757.5403541395594,4276.610898478771
2016-04-05,1066.857671092324,-1584.0315471095503,3641.6770924917623
2016-04-06,79.53428947346583,-2536.71779880195,2664.03315866063
2016-04-07,1178.5837996588841,-1057.442357140279,3687.6929694668615
2016-04-08,1658.8447570690796,-867.9654054836138,4149.018843761097
2016-04-09,1308.884963142544,-1416.944585499348,3724.161012752501
2016-04-10,1438.8896079993276,-1130.944811633929,4143.158606347239
2016-04-11,1638.4943322190522,-895.5781051958564,4193.443021063716
2016-04-12,950.100252429613,-1637.292129618241,3501.6335552020755
2016-04-13,-12.004656347796526,-2475.698604431741,2922.475296899966
2016-04-14,1109.563084391919,-1600.5880390346547,3622.433091245658
2016-04-15,1609.2729130366868,-855.841641952476,4265.6266518605025
2016-04-16,1275.4431378068157,-1149.5829077868177,3931.6844092372944
2016-04-17,1418.1304497100964,-1034.114078637651,4012.5182256500925
2016-04-18,1626.9609375693083,-743.8721135422002,4218.67298906239
2016-04-19,944.4398049331664,-1601.0361615014967,3682.720616227377
2016-04-20,-14.935577509786071,-2595.7107059960867,2607.724413372418
2016-04-21,1106.521939584294,-1362.8083855939824,3747.367024318152
2016-04-22,1603.6663879955074,-783.6311195696234,3946.292727534252
2016-04-23,1265.2663579733132,-1341.2407088391703,3798.3363089867453
2016-04-24,1401.877878700681,-1237.081857281163,4090.091273244267
2016-04-25,1603.6579074020715,-1012.9602248862554,4325.270027472554
2016-04-26,913.656148211973,-1669.273579615372,3356.7730291410167
2016-04-27,-53.08964798413513,-2671.871320516589,2498.3685983436576
2016-04-28,1061.6268223213506,-1461.3088123214768,3591.9675049712423
2016-04-29,1553.1415311818812,-1027.5033317774075,4115.874950870909
2016-04-30,1210.653354911176,-1274.3447496897197,3589.7689197134064
2016-05-01,1345.0844341006666,-1080.7686338445212,4082.551331116917
2016-05-02,1546.883376136678,-933.9306034294698,4083.4029417869588
2016-05-03,859.309261170063,-1602.4696304144486,3499.34635419515
2016-05-04,-102.47823171195455,-2609.2160564737705,2611.741133677354
2016-05-05,1019.7592333365859,-1754.3941455873596,3632.3374415784006
2016-05-06,1521.3000491992411,-1019.4818614454624,4163.50746271625
2016-05-07,1191.1988470541382,-1153.9431285115024,3792.099370730679
2016-05-08,1340.1523174273837,-1129.79098281582,3932.2846580871883
2016-05-09,1558.310174913896,-1165.2030811838833,4129.526725909965
2016-05-10,888.5689521387076,-1486.9586816546862,3313.327877386246
2016-05-11,-54.32638767187791,-2797.618731030519,2442.687457508004
2016-05-12,1087.408423092908,-1614.6731092131097,3824.293542068983
2016-05-13,1608.5721033670943,-977.4880501601685,4192.7400933102235
2016-05-14,1297.7282650544646,-1281.5769646058832,3852.100263521095
2016-05-15,1465.085585697204,-1032.9321987177711,3824.562059189806
2016-05-16,1700.322800007946,-891.0544357149796,4356.877514459595
2016-05-17,1045.895798272346,-1479.9427662464814,3649.917659574514
2016-05-18,116.15145282976027,-2512.751577006908,2501.0611627739786
2016-05-19,1268.529286596773,-1419.0585126720139,3729.7902517197126
2016-05-20,1797.5457148543317,-905.3645838485529,4337.292340000835
2016-05-21,1491.5516564813965,-888.9246487508751,4050.588551273535
2016-05-22,1660.617785904885,-912.2544762875054,4213.239406820384
2016-05-23,1894.3624126471539,-782.0896117714015,4334.38560432198
2016-05-24,1235.2592409936167,-1450.2236240176637,3779.0721827471393
2016-05-25,297.74966068871777,-2331.409282895689,2980.4205943754855
2016-05-26,1439.4407751289982,-1217.2637029700359,3965.831789740447
2016-05-27,1955.0840496707388,-647.1211603303191,4451.775657575266
2016-05-28,1633.3255806699112,-749.0256294105974,4363.578637352037
2016-05-29,1784.5825069395894,-834.4965586236658,4427.544405643867
2016-05-30,1998.8608385916637,-657.0113942688065,4466.03719991151
2016-05-31,1319.0522721878801,-1273.856986728142,3930.4067132201358
2016-06-01,360.03497795834255,-2427.0184417224814,2960.1236363633325
2016-06-02,1479.8599085805315,-1176.2891706747055,4161.270653927437
2016-06-03,1973.7178530819315,-714.876231766927,4604.5742738288245
2016-06-04,1630.6785652749359,-849.7357337091933,4240.568566532263
2016-06-05,1761.5567956212367,-850.1670340266338,4416.179971052242
2016-06-06,1956.72077858305,-580.7569124649884,4542.279282070504
2016-06-07,1259.381011232198,-1337.5392897947117,3977.2440327187996
2016-06-08,284.6843665722838,-2364.2086564748547,2918.808896222932
2016-06-09,1390.8955130595355,-1252.509648356097,4058.322007870178
2016-06-10,1873.3606831161742,-800.5038322551392,4501.806076724483
2016-06-11,1521.2452986425003,-997.1439833775673,4159.778543886823
2016-06-12,1645.4002423730062,-935.7651877196333,4118.144803134916
2016-06-13,1836.1722624881413,-622.7037398358447,4294.944495659221
2016-06-14,1136.6962054921837,-1405.2982543446815,3721.294097313776
2016-06-15,161.99410108277516,-2517.5778747836207,3071.3600241869494
2016-06-16,1270.162599420378,-1404.8820291178763,3900.3047864701543
2016-06-17,1756.3438519471888,-1103.2732042771272,4258.444250016888
2016-06-18,1409.4709553940897,-1176.090431461901,3851.652558786078
2016-06-19,1540.1425093862983,-809.4718593289854,3892.0249053555035
2016-06-20,1738.4415022921025,-704.1814003248808,4436.208935464459
2016-06-21,1047.2359495465246,-1303.569511936929,3703.645277934576
2016-06-22,81.28604767572415,-2585.85369837524,2384.506170095684
2016-06-23,1198.4391022378147,-1429.4345642132919,3740.7517826093504
2016-06-24,1693.6071040801655,-993.9977020067292,4333.029699958263
2016-06-25,1355.517888574066,-1183.8800754498407,3869.9950081342804
2016-06-26,1494.594280157061,-1192.5067863895918,3929.939428089524
2016-06-27,1700.776329646119,-788.022670371103,4175.026126278618
2016-06-28,1016.8240046778702,-1643.1709269171722,3601.8112256028553
2016-06-29,57.42507726193253,-2363.3384964013158,2627.507998175704
2016-06-30,1180.3894915686467,-1417.0788637912308,3822.125729958752
2016-07-01,1680.6251539301265,-1108.6506311623693,4236.585461578375
2016-07-02,1346.8861866951445,-1114.3176424874139,4021.2645875978437
2016-07-03,1489.6481907070972,-1105.0007436819342,4039.643889579978
2016-07-04,1698.9257961260873,-871.2157204739698,4226.927534969006
2016-07-05,1017.570058191783,-1562.9192721406969,3577.29009548929
2016-07-06,60.37065491929343,-2658.8326296571436,2498.834584491888
2016-07-07,1185.2443926106346,-1635.7755357502292,3654.04175696348
2016-07-08,1687.2051858067923,-898.9655641783266,4211.221755885098
2016-07-09,1355.1067726667459,-1079.6956691236148,3837.7903257437238
2016-07-10,1499.5129169461286,-1145.0484026829165,4275.006215877315
2016-07-11,1710.510563331692,-996.3759745669884,4045.1117027339237
2016-07-12,1031.0036639785994,-1582.9093933828294,3692.100533327575
2016-07-13,75.81276380018971,-2460.462826034579,2668.34887052564
2016-07-14,1202.861945773405,-1519.7111365913293,3982.0122408126904
2016-07-15,1707.1483604122143,-919.490490850446,4462.037080597469
2016-07-16,1377.485618031807,-1104.2209207809153,3931.6192144666015
2016-07-17,1524.3757724332413,-1065.3851747085007,4132.285862986691
2016-07-18,1737.8253008477166,-788.8597476780727,4351.213779105198
2016-07-19,1060.6426987507962,-1313.3076287528527,3758.376423629479
2016-07-20,107.54264396629765,-2590.6985576996253,2714.871986342458
2016-07-21,1236.3381685543072,-1567.718704668904,3800.8576515138475
2016-07-22,1741.9158757345963,-803.3822932488813,4474.963426723423
2016-07-23,1412.9852753323983,-1330.6478685893544,3832.94628458065
2016-07-24,1559.9567499421084,-1131.1601944125973,4333.740414656996
2016-07-25,1772.7633356588176,-934.1579741729989,4380.47285525299
2016-07-26,1094.1637180603202,-1365.171988291605,3789.247825971381
2016-07-27,138.8511895441536,-2387.254875101608,2730.4614161839877
2016-07-28,1264.6498151965827,-1216.5696979250044,3832.2289867031927
2016-07-29,1766.4926760018814,-843.0390580414285,4226.5568039421005
2016-07-30,1433.1731231297101,-842.5323788373447,4224.861130192691
2016-07-31,1575.2234489935563,-1000.3954386069083,4201.563607576898
2016-08-01,1782.7360896118607,-859.3976091410283,4227.251944631237
2016-08-02,1098.664728953922,-1538.9423187199018,3698.824478607087
2016-08-03,137.93006256382068,-2456.9048333364785,2918.129969297219
2016-08-04,1258.6115196788144,-1184.3268155252806,3793.7682640578514
2016-08-05,1755.91990457376,-766.4192104899971,4342.06300149549
2016-08-06,1418.9420203433513,-936.148266128641,3990.788489883186
2016-08-07,1558.511844200234,-904.6047584401745,4005.7565722237136
2016-08-08,1765.0235616642465,-805.5557329087278,4238.913477342541
2016-08-09,1081.7240471690402,-1760.4357974514442,3479.720996701181
2016-08-10,123.80978305963072,-2292.6424026746427,2753.0402351761163
2016-08-11,1249.6097619227676,-1252.3307214371823,3649.0917154133494
2016-08-12,1754.5495828533058,-1048.8062381694392,4213.879426882884
2016-08-13,1427.8880515300912,-1093.1575636552798,3856.0053938630767
2016-08-14,1580.5810895998761,-852.8507998515275,4253.67482966875
2016-08-15,1803.0884801534048,-832.9323355509422,4467.483171292262
2016-08-16,1138.661232763336,-1548.0123697044428,3696.868621223199
2016-08-17,202.4347269629302,-2327.322441026414,2876.658037845037
2016-08-18,1352.6093122211344,-1119.716312280138,3945.7356946648933
2016-08-19,1884.413670252046,-599.7614570847855,4348.359588254258
2016-08-20,1586.842304437631,-1065.4918289730467,4005.1105550850352
2016-08-21,1770.5219745935087,-926.5797049089289,4291.064230144979
2016-08-22,2025.5225740340816,-428.62075549107095,4460.722704623402
2016-08-23,1394.650160903188,-1235.0781594762157,4081.4328740984406
2016-08-24,492.5471912438727,-2059.532940439675,3000.5102545356613
2016-08-25,1676.8814837508255,-954.6439535398094,4050.392018376475
2016-08-26,2242.3190410514785,-414.63974164530896,4952.278341179945
2016-08-27,1977.2718835901937,-661.5524597514341,4532.31145844704
2016-08-28,2191.775483272644,-472.2907517364944,4631.922000167112
2016-08-29,2475.3110467724446,6.628878723757344,5203.7964221592265
2016-08-30,1870.110103886182,-571.097128885389,4391.534020589363
2016-08-31,990.2661890299784,-1530.3200058014393,3646.4808180546256
2016-09-01,2192.9348903237096,-378.9806785709663,4888.5537127720145
2016-09-02,2772.3171461038673,164.5148916243424,5378.829509416241
2016-09-03,2516.4167163466204,-93.95514045981528,4864.05743053604
2016-09-04,2734.926209645552,137.27910187348908,5370.715322216739
2016-09-05,3017.0567360558707,456.86494003934746,5598.828938610292
2016-09-06,2404.848492423446,-23.971410178589736,4905.97229944983
2016-09-07,1512.286953539992,-1167.6751294757007,4266.146018218594
2016-09-08,2696.505864816453,258.2556212212043,5260.2210598528845
2016-09-09,3251.7719155802624,747.9368622311644,5951.855972646354
2016-09-10,2966.2418116259914,468.66912006368824,5365.966360111472
2016-09-11,3149.8465678449247,856.7183977867136,5851.726440245774
2016-09-12,3392.117748438516,956.4805614850368,6086.99951623149
2016-09-13,2735.4932627610506,53.04630994746186,5220.141314510044
2016-09-14,1794.4274741796792,-659.6876315627236,4450.292956720003
2016-09-15,2926.5869662385476,236.20006228848106,5292.763865365489
2016-09-16,3426.826971781742,761.3885709228264,6004.490505135806
2016-09-17,3083.939569426093,463.31636560464494,5576.410123727006
2016-09-18,3208.528249849093,621.736352328133,5765.883673424036
2016-09-19,3390.8241817856474,820.7866987623563,5859.3796012273815
2016-09-20,2673.9817739972023,-155.75919890662317,5239.161514871066
2016-09-21,1673.1785178950677,-822.3044008377942,4135.981265458352
2016-09-22,2746.8006312721527,69.66351545514871,5307.4384905255665
2016-09-23,3190.409670991272,765.1808239072739,5806.686574939246
2016-09-24,2793.4813642144227,79.66541431330164,5363.359550784045
2016-09-25,2867.2713864878842,310.5471667153476,5434.526708203901
2016-09-26,3002.623521624657,495.6866884090164,5493.464753762776
2016-09-27,2243.2578829314457,-347.01706921334386,4828.292183422301
2016-09-28,1204.864242180913,-1373.1077835602896,3666.055370252696
2016-09-29,2246.282027390159,-241.39002081328567,4594.411391075513
2016-09-30,2663.462178377016,30.572266438605347,5177.543257420822
2016-10-01,2246.2021128604656,-322.44824427948305,4770.643596585398
2016-10-02,2306.0085195847078,-307.07106981332737,5009.190121454035
2016-10-03,2433.903388584255,-143.31754707995765,4846.082524342347
2016-10-04,1673.710923968555,-981.6576429169533,4271.669199088904
2016-10-05,641.1503446202753,-1914.550112444076,3318.5534292316743
2016-10-06,1695.016089243036,-824.6884523849676,4319.262907141816
2016-10-07,2131.1405692360527,-269.6622948544955,4779.869801473485
2016-10-08,1739.1306782472377,-984.0498291949621,4336.49095652337
2016-10-09,1830.2327346403554,-686.6048031667098,4338.603830843006
2016-10-10,1995.1412321001037,-636.2694601393181,4648.850490179365
2016-10-11,1277.2890151069194,-1345.324393195933,3842.8172055425352
2016-10-12,291.9438628414596,-2319.8865201575695,2653.412107671668
2016-10-13,1397.392982707012,-1203.7302433795815,4153.230031634646
2016-10-14,1888.9105474600242,-772.6015899883575,4576.836200492475
2016-10-15,1555.4994798904072,-1154.5629725575047,4108.6125516825405
2016-10-16,1707.7621588845857,-739.5400092050988,4213.836769743005
2016-10-17,1935.7154201511876,-730.8701454848929,4427.381909591907
2016-10-18,1282.0874640850982,-1376.7615524428172,3541.5190861079473
2016-10-19,361.42164515308036,-2087.8964138482097,2961.3269876431827
2016-10-20,1531.2686268676814,-1231.0363682830175,3965.2471662210132
2016-10-21,2086.162008697144,-513.8270702936014,4714.665666118009
2016-10-22,1814.3685879646928,-573.111268220813,4567.1916500465795
2016-10-23,2025.7678743475349,-428.64701963339155,4630.92501056359
2016-10-24,2309.6761569666173,-396.237616174593,4924.997875212249
2016-10-25,1708.1526492579378,-801.3245261257822,4251.158575146027
2016-10-26,835.1125550188676,-1872.8733319991072,3457.483676596507
2016-10-27,2047.5284531551213,-641.4216377985894,4551.638835494562
2016-10-28,2639.414920373107,-29.658810102986337,5111.880852704708
2016-10-29,2398.5874153080094,-67.32923179170504,5015.434281992103
2016-10-30,2634.5498649568035,106.97708501839753,5338.280710408658
2016-10-31,2936.3260722131813,415.7673632353468,5511.577750296012
2016-11-01,2345.7722801359528,-107.60691526608642,4882.441943865694
2016-11-02,1476.695572516679,-1237.8154872646976,4053.8789553702036
2016-11-03,2686.059288031189,120.44890989875364,5217.227561248086
2016-11-04,3267.9702421962247,566.7094490579267,5832.051588063183
2016-11-05,3010.4386108736885,437.7580359121436,5629.022538301716
2016-11-06,3223.2647949697193,653.0096281815271,5681.501990051106
2016-11-07,3495.868288946398,1025.738882764082,6107.044270967398
2016-11-08,2870.5958268806007,490.98815757148986,5572.758167208705
2016-11-09,1961.8334626488431,-741.6640106303237,4531.975161583371
2016-11-10,3127.2037809127,615.1683372517582,5831.292644248116
2016-11-11,3661.543097900726,1206.6436093778038,6127.456900347509
2016-11-12,3353.649617167798,747.0555750814226,5913.8159455887
2016-11-13,3514.1570185338323,1173.1999029023468,6055.031344309718
2016-11-14,3733.348707512072,1075.5634491973387,6253.284486759009
2016-11-15,3054.4502472631875,415.7498063779558,5761.705335812392
2016-11-16,2092.7249179110668,-486.93823463899474,4666.584097721199
2016-11-17,3206.6539229634586,635.6880231439579,5789.160429432957
2016-11-18,3691.896453330456,1173.1246693778232,6364.339216317132
2016-11-19,3338.020946510901,803.6781123301464,5983.707368773386
2016-11-20,3456.362404073445,941.8177000650212,6135.297842745469
2016-11-21,3637.8213827794652,1199.0006068820128,6129.398428399556
2016-11-22,2926.142562870531,545.4953805325872,5462.328751553297
2016-11-23,1936.9982031350576,-400.5482812297062,4581.682353712814
2016-11-24,3029.1583404394673,380.6392427998944,5688.6013202966005
2016-11-25,3498.4432455635197,1022.388317772742,5995.342221614474
2016-11-26,3134.449728259874,608.3867901183814,5730.786861064478
2016-11-27,3248.4063556468977,548.1303184326956,6098.906407705261
2016-11-28,3430.9733384779292,1117.6600067851132,5976.98614161074
2016-11-29,2725.5250603492555,-31.848717745923658,5194.052696834869
2016-11-30,1747.2405586667248,-705.1329073466388,4146.275169270311
2016-12-01,2854.2837396341442,556.355251668686,5402.628890071618
2016-12-02,3341.768687729217,859.7383016046583,5801.136753545593
2016-12-03,2998.5014370865847,583.1857758350094,5870.460283175427
2016-12-04,3134.852971787864,567.5086934143708,5731.2791547922125
2016-12-05,3340.5788466405656,703.3698065520064,5882.904626223306
2016-12-06,2658.122981325567,-1.2267415382631937,5221.019209075765
2016-12-07,1701.730464576039,-818.1487529534261,4129.215814474873
2016-12-08,2828.6506386572014,223.12193043874097,5154.50151155143
2016-12-09,3333.125284904679,758.6271005128227,5711.906267368057
2016-12-10,3003.1527229928815,556.6638473700201,5549.6840490302275
2016-12-11,3148.382037879422,595.1989199099271,5808.454201674632
2016-12-12,3357.952268624662,615.9119624030142,5809.2718117897475
2016-12-13,2673.81362447466,208.00583403194773,5264.8265405799475
2016-12-14,1709.8550611501712,-830.3098307535936,4395.796336843273
2016-12-15,2823.119080711954,213.27350403309276,5286.035123510613
2016-12-16,3307.798217906401,703.2233135644796,5958.713135707694
2016-12-17,2952.0037473358498,290.50252985636223,5564.9847003740015
2016-12-18,3065.6606300322237,590.58472116433,5745.651605182864
2016-12-19,3238.343447920184,653.2209960577734,5799.629188025212
2016-12-20,2512.590360434388,-83.16950523943873,5111.673732394158
2016-12-21,1503.0195416250244,-913.156879029771,4163.972443606036
2016-12-22,2567.5291431820215,-113.31675681350518,5126.336785362515
2016-12-23,3001.2755416715468,588.4219326797694,5540.088779234929
2016-12-24,2593.420788132483,-58.49889154430835,5233.118233145518
2016-12-25,2655.0037453597392,83.34863545224046,5184.155056489017
2016-12-26,2776.7502012277587,316.64424776749746,5410.407387605806
2016-12-27,2002.3595927158312,-629.3087095997797,4776.101392813398
2016-12-28,947.593446090245,-1515.7187015679244,3418.961922750195
2016-12-29,1971.4472566673899,-584.7889256020479,4500.6743346472185
2016-12-30,2370.101258972044,-135.1859030480041,4946.27847697117
2016-12-31,1933.641694878686,-622.355864655653,4531.539466466948
2017-01-01,1973.907734094355,-479.81211642467173,4701.451542249532
2017-01-02,2082.279966470688,-604.1939215692805,4482.529343749076
2017-01-03,1302.9486775520518,-1187.438450723515,3843.0412861798873
2017-01-04,251.98751950897872,-2356.955934892336,2819.636131717826
2017-01-05,1288.514723663526,-1228.504813554016,3839.1659043249065
2017-01-06,1708.637632292035,-922.356299004757,3982.883732455881
2017-01-07,1302.1723783756138,-1082.512741125406,4018.973879320747
2017-01-08,1380.4939760203977,-1322.0160405476695,3902.486592464333
2017-01-09,1534.3327320923572,-915.5749281298415,4028.3872852788522
2017-01-10,807.055062950192,-1881.9025714665165,3065.110388164464
2017-01-11,-186.24591612893846,-2880.3062164391754,2409.6198743733576
2017-01-12,912.4317604843037,-1605.4491460617037,3466.562788521221
2017-01-13,1397.9679381048823,-1239.0021738897656,4115.311179932955
2017-01-14,1058.867521477561,-1538.2064841875042,3646.2384366815445
2017-01-15,1205.1404299115438,-1521.540107615164,3669.814473031566
2017-01-16,1426.1295341416246,-1359.8936584659966,4038.958412458639
2017-01-17,763.8239052214219,-2033.4507928217936,3560.051592817596
2017-01-18,-168.01804148182555,-2810.3332683303083,2262.9043414070916
2017-01-19,987.3454860273514,-1680.4742491611055,3500.3587302984547
2017-01-20,1523.6391053259026,-1039.0455724897336,4073.349402085993
2017-01-21,1228.3456383771834,-1356.0060580699228,3785.3919038831646
2017-01-22,1410.6113336361566,-998.3761456371374,3854.2553337228223
2017-01-23,1659.0954923799868,-980.9161184038687,4118.915399066421
2017-01-24,1015.301267034745,-1449.8703021141002,3772.616796635664
2017-01-25,92.71174980180263,-2685.8570120633726,2596.5296764430636
2017-01-26,1248.0120189502402,-1318.9592558860973,3771.834284273138
2017-01-27,1775.0912932956803,-1044.3949972653322,4301.5508682177015
2017-01-28,1461.8158869294978,-958.5745326148487,3920.748729174659
2017-01-29,1617.9266137483276,-1029.135346457513,4264.923221679852
2017-01-30,1832.8754993330504,-696.2250868834686,4672.85914672884
2017-01-31,1149.1388203201539,-1514.9074374664756,3683.4189949905517
2017-02-01,181.33099199074877,-2280.7907836796676,2909.083400557465
2017-02-02,1287.4004571275707,-1223.1106409940014,3787.9495247045384
2017-02-03,1762.602484050116,-910.7170392056867,4268.971765300822
2017-02-04,1396.2399780473024,-1091.8877219073793,3887.3563178668487
2017-02-05,1499.5270088447714,-891.801329099062,4004.9194210962723
2017-02-06,1663.3905835020614,-941.6002299704926,4149.284179528192
2017-02-07,931.7485572602872,-1691.3031313911786,3582.389258634493
2017-02-08,-79.41094580620165,-2603.1226378546176,2499.040824995791
2017-02-09,989.1333881517172,-1586.2204968855795,3674.201102436762
2017-02-10,1433.7781944567428,-1117.6615875517164,4153.729259926575
2017-02-11,1044.8086243754726,-1460.4157279222063,3542.532504330973
2017-02-12,1134.2379789155993,-1486.249018966735,3725.847319064652
2017-02-13,1293.5898947642,-1258.701593906698,4081.373371834474
2017-02-14,567.1614528329048,-2007.331386785285,3065.1517437740054
2017-02-15,-428.9070580219966,-3051.2153312348764,2303.086429936671
2017-02-16,664.5265026066936,-1877.816513479717,3307.19264324138
2017-02-17,1143.5494626989598,-1566.5742755521871,3569.494032179376
2017-02-18,797.9141855814855,-1736.5744874978561,3399.1302554754834
2017-02-19,938.8896395508606,-1607.143686714531,3533.5165787802684
2017-02-20,1157.06050633727,-1318.5871022395925,3645.4261964655666
2017-02-21,495.611781141183,-2131.288799458871,3201.629922836368
2017-02-22,-430.57593193140815,-2909.5497459884205,2217.1909164485273
2017-02-23,736.2611692198807,-1975.9702003467153,3429.7452287987844
2017-02-24,1290.745071937924,-1385.0678011469258,3730.0592091303665
2017-02-25,1021.1093817333474,-1699.6297043039383,3540.9464442363724
2017-02-26,1237.0855951464991,-1274.0780478102483,3637.7066029307725
2017-02-27,1527.7371899811678,-1031.8478698810534,4098.869563047635
2017-02-28,934.7786438563744,-1721.493409087955,3653.7156745764078
2017-03-01,71.70376153774146,-2436.2561932490057,2736.074285380529
2017-03-02,1295.0041253341687,-1141.4357997936484,3756.5025618236637
2017-03-03,1898.1720474642016,-569.6896526411504,4466.380032964829
2017-03-04,1668.4784229023703,-869.0220640724411,4209.970243434291
2017-03-05,1914.8793199540369,-702.9513386265462,4249.512022046316
2017-03-06,2225.865834624568,-403.78318052086286,4692.414980912999
2017-03-07,1642.7939842624728,-986.392188736767,4140.267239667375
2017-03-08,779.0188091232058,-1692.4721420758488,3584.4837110073136
2017-03-09,1991.1134120692252,-728.1276199686781,4322.963712616364
2017-03-10,2572.8673600862307,39.16674451241594,5123.52555256954
2017-03-11,2312.0550174553164,-435.3970169415441,4883.227760978434
2017-03-12,2518.3279400404526,-168.61126752029216,5067.121453778279
2017-03-13,2781.046261421779,57.366866413756675,5274.090878981155
2017-03-14,2142.5863859870087,-365.85269560542037,4550.817641707499
2017-03-15,1217.4495799614833,-1228.9666766745252,3803.1940346441743
2017-03-16,2363.453195061907,-19.5365682124756,4860.491370286117
2017-03-17,2875.6993249288475,332.9040233835945,5307.957220428449
2017-03-18,2543.312386218137,254.11394431844897,5211.281692543883
2017-03-19,2677.300486538754,116.2775099688707,5249.772891118919
2017-03-20,2868.3562719546594,464.78677169220884,5650.432966990769
2017-03-21,2160.135273081021,-394.8362217542869,4632.6252541991835
2017-03-22,1168.3372064200337,-1368.927494797627,3891.5263526618005
2017-03-23,2251.8722605346743,-358.62681259424477,4918.212971190505
2017-03-24,2706.8080681943443,157.85352231816444,5405.765248342052
2017-03-25,2323.0891579804947,-274.05397437964166,4981.4698477454085
2017-03-26,2412.384154159049,-164.09884821066993,4886.018898411397
2017-03-27,2565.876682834448,23.71008904216708,5009.59519897765
2017-03-28,1827.5381562586322,-810.1724010181207,4372.3081653057925
2017-03-29,813.2079301858066,-1722.609754641302,3313.2389592336376
2017-03-30,1881.7627884382268,-704.2432007121301,4425.828233662393
2017-03-31,2329.0712706823856,-165.5808577304282,5158.050763180269
2017-04-01,1944.7243486294037,-640.6765517078192,4546.901509431537
2017-04-02,2039.897337530646,-403.8770771900608,4646.081205291116
2017-04-03,2205.158536988357,-450.20373277804237,4905.579210474454
2017-04-04,1483.7622405501781,-1092.4546470159223,3972.5924267074042
2017-04-05,490.75102348120004,-2178.4929992966686,3151.0751291792735
2017-04-06,1584.148640579947,-1091.3322622109818,4074.3924330660343
2017-04-07,2058.938408236241,-470.61028008119035,4573.237674622102
2017-04-08,1703.817931848597,-1099.5128038052833,4272.4880057320925
2017-04-09,1829.0844362891753,-795.3468108820477,4568.535489511957
2017-04-10,2024.4655956214247,-544.515665228001,4509.111285789051
2017-04-11,1332.43295035103,-1231.2845544948773,3752.277046316536
2017-04-12,367.3223308821971,-2184.429988168559,2913.418992022728
2017-04-13,1486.54220068717,-1163.3036201574105,3927.3323053647214
2017-04-14,1984.5644572016745,-559.3147295611265,4498.822440542146
2017-04-15,1649.6883047899692,-823.9405410277279,4338.474135134464
2017-04-16,1791.931305083614,-950.6139970532885,4363.594864483073
2017-04-17,2000.8624448806129,-597.4729118477674,4598.541902155196
2017-04-18,1318.914349841959,-1390.9441508012694,3954.0114333126558
2017-04-19,360.4991954028169,-2229.9726459926815,3054.8775623524953
2017-04-20,1483.2094483976268,-1025.4075428299607,4088.0035819741843
2017-04-21,1981.798276674527,-522.8075910148134,4487.3288329901025
2017-04-22,1644.9306097723966,-794.1660360772206,4220.885760649013
2017-04-23,1783.0593825039914,-685.2630642955431,4406.589731059205
2017-04-24,1986.24227287305,-663.4222874037762,4426.02355033168
2017-04-25,1297.436564705326,-1155.7437134491513,4061.981971203623
2017-04-26,331.5972047048649,-2166.3902886330893,2963.165072719353
2017-04-27,1446.8597072580687,-1183.190563156675,3960.4874140072893
2017-04-28,1938.5032510859287,-414.2738236734885,4383.948038748115
2017-04-29,1595.6854307652675,-859.3550935779929,4323.346446492298
2017-04-30,1729.3036352214094,-870.2687740612965,4265.863463561589
2017-05-01,1929.7987537738666,-691.8495847389145,4592.981384033993
2017-05-02,1240.4391682368855,-1314.7269397195394,3622.380550474302
2017-05-03,276.410360086179,-2121.8843149453232,2808.901393299424
2017-05-04,1395.9919705626526,-1253.0685635086497,3848.9730066119523
2017-05-05,1894.517764144903,-686.9505267279121,4501.848388232195
2017-05-06,1561.109984984828,-1087.9586944059354,4178.943612284755
2017-05-07,1706.5430264982615,-842.4405238195955,4258.604485788585
2017-05-08,1921.0519870853143,-788.7603832944799,4342.867302289822
2017-05-09,1247.6238727306386,-1282.4621395690926,3691.0827204643374
2017-05-10,301.09651453534025,-2196.2890386500635,2926.051210143088
2017-05-11,1439.3467237789655,-1073.5151719562948,4025.3906508430937
2017-05-12,1957.26277537245,-607.1380261626875,4531.905192191677
2017-05-13,1643.4923168818598,-910.4901486944734,4205.98251784233
2017-05-14,1808.3202096742082,-740.2105706201557,4484.939864080052
2017-05-15,2041.4914529214236,-634.1479311458766,4618.911016687316
2017-05-16,1385.5165323832825,-1176.109586855952,3976.645691323418
2017-05-17,454.78385882784823,-2042.6640311543363,2923.640467809432
2017-05-18,1606.7604421521291,-901.1594379654999,4039.069772433219
2017-05-19,2135.975552675196,-375.0886913018252,4646.809368192438
2017-05-20,1830.7781734016428,-862.395533395967,4363.9255008060345
2017-05-21,2001.222509952263,-608.927748990554,4665.062763096897
2017-05-22,2236.8965284463497,-283.08928394377114,4938.048764525323
2017-05-23,1580.2307460054353,-1061.9567669391552,4089.4843460003945
2017-05-24,645.6118868723854,-2086.985060523499,3055.164940999146
2017-05-25,1790.5825637154887,-893.6546534236703,4377.128945928824
2017-05-26,2309.8218127734212,-403.1514401497637,4860.052393288327
2017-05-27,1991.8974236981865,-451.96166455662296,4598.168238059877
2017-05-28,2147.1445226750575,-328.0607718666221,4878.026019580297
2017-05-29,2365.4856186796624,-391.6713769520238,4870.734979801899
2017-05-30,1689.72961712697,-1041.848509944978,4166.236220367151
2017-05-31,734.6747240693505,-1834.5335080697992,3442.23802094329
2017-06-01,1858.2967317425823,-955.9861559702262,4408.32781965774
2017-06-02,2355.7178560708344,-149.46610867838848,5041.090447188472
2017-06-03,2015.9474093931356,-755.1024753119236,4582.08725372806
2017-06-04,2149.749099711527,-382.4022452001137,4931.79781967192
2017-06-05,2347.4504798209637,-165.45930368696153,5142.826153891265
2017-06-06,1652.2323359159968,-784.8992959085716,4229.0075713012575
2017-06-07,679.2231882175267,-1807.2809525895193,3354.5951109132006
2017-06-08,1786.6806013394307,-968.8328470865638,4436.383494856972
2017-06-09,2269.9546341121254,-252.6109664047874,4850.771873799352
2017-06-10,1918.2248200071783,-481.90962286658726,4449.148869274356
2017-06-11,2042.365523837588,-476.2696807865575,4514.581093837302
2017-06-12,2232.755198850934,-207.1098005043551,4941.678338286146
2017-06-13,1532.5672819178399,-928.4651398703071,4034.3499858165915
2017-06-14,556.8677979801603,-2059.6776557620756,3274.1697731267673
2017-06-15,1663.8012245066643,-885.041913936806,4229.381909678658
2017-06-16,2148.5597590169755,-348.0597693211514,4662.406017310845
2017-06-17,1800.1271608925792,-903.4479890019342,4433.513200466271
2017-06-18,1929.1517676242952,-732.0705869170793,4395.538449014206
2017-06-19,2125.7639466579,-364.72692371512267,4691.895070196244
2017-06-20,1432.8754487048604,-863.0706154500066,3789.72113303007
2017-06-21,465.2854615148228,-1979.886920928219,3166.9039512615686
2017-06-22,1580.8746511455415,-801.6703228438905,4149.544608876043
2017-06-23,2074.5820861866964,-649.1210455508333,4563.0871618097635
2017-06-24,1735.1559924993776,-959.5761295311933,4186.537288003151
2017-06-25,1873.0327451462736,-718.3137436573195,4365.230548054495
2017-06-26,2078.159200954755,-611.052784891001,4686.433535595544
2017-06-27,1393.2957198602053,-1125.4358175839036,3926.113801541652
2017-06-28,433.12459918734635,-1992.3692757873098,2925.423092606608
2017-06-29,1555.4451774735192,-1084.9737632451136,4027.911360935895
2017-06-30,2055.1505172451834,-436.5500596696808,4646.803984110672
2017-07-01,1720.9766714671266,-762.5392408621285,4145.492557273859
2017-07-02,1863.3790378406218,-821.394907700917,4467.8272471518585
2017-07-03,2072.3510383672506,-512.7664142428846,4509.350776552377
2017-07-04,1390.7226377425752,-1242.5626604229842,3762.498974069869
2017-07-05,433.26361557915493,-2058.806739531787,3077.3397266909333
2017-07-06,1557.8730585253584,-944.6745650847457,4222.108437063761
2017-07-07,2059.5502027499174,-437.7201023145156,4376.460532860854
2017-07-08,1727.1378564052382,-830.7945017084865,4306.493853015218
2017-07-09,1871.1931275592412,-790.3918303236013,4561.389432633217
2017-07-10,2081.800905379068,-682.4061323365023,4792.980796522261
2017-07-11,1401.8678005578818,-1320.8140133739628,4208.988254173825
2017-07-12,446.22162823228814,-2193.8374436052295,3061.8879762092033
2017-07-13,1572.7980381006955,-952.2763185840636,4160.143775467573
2017-07-14,2076.6095267596697,-320.45694595721307,4927.517201655893
2017-07-15,1746.4881290113865,-973.4370004388359,4256.920187450119
2017-07-16,1892.95654139469,-564.0859732337461,4493.668005814526
2017-07-17,2106.043113165391,-371.8742918499346,4663.354120688421
2017-07-18,1428.5783584914575,-985.5578397585318,3851.73713235346
2017-07-19,475.29798296118975,-2252.6150480553065,2953.28868550925
2017-07-20,1604.0339040711517,-1002.2792151076555,4084.920995023689
2017-07-21,2109.6883448724393,-454.93267127623193,4706.580533087833
2017-07-22,1780.9821161465813,-714.8050542117508,4456.709641120571
2017-07-23,1928.3316391572544,-624.984098028623,4316.426587437082
2017-07-24,2141.6699299215725,-550.8668861269675,4681.593715111031
2017-07-25,1463.7489783398412,-1079.5912328115378,3969.9082964853856
2017-07-26,509.2482957567818,-2040.9017262899704,3043.4156546501995
2017-07-27,1635.9708993892827,-857.8662095768999,4157.33988879811
2017-07-28,2138.821616557376,-425.1049828840112,4757.619864936151
2017-07-29,1806.5586493898227,-961.6682544262383,4399.318616790017
2017-07-30,1949.6728046036515,-421.52772595994475,4487.425912915042
2017-07-31,2158.209494205577,-466.58021974330717,4624.595418182073
2017-08-01,1475.0708613954298,-1015.4840789417792,3961.5047722498757
2017-08-02,515.1227654193078,-2162.484260322172,3144.1397542882805
2017-08-03,1636.3878944891871,-1099.1088206976344,4237.260200082258
2017-08-04,2134.019931709904,-543.4924017315135,4556.040483538438
2017-08-05,1797.049796673111,-694.1425262676498,4388.603884637594
2017-08-06,1936.2584878875693,-716.9409155626066,4532.894386171258
2017-08-07,2141.991786979657,-500.5995733967962,4621.637862882122
2017-08-08,1457.4543650481949,-1110.5849238467997,4090.7341384120937
2017-08-09,497.8082362645496,-2104.6040216059073,3089.3955270641954
2017-08-10,1621.357058642096,-1008.9915115115209,4306.167553849635
2017-08-11,2123.5114505920965,-438.22304796878507,4785.950979806752
2017-08-12,1793.526595398847,-811.0332754976273,4397.7688210752285
2017-08-13,1942.3669068942977,-599.786165695697,4596.187934651367
2017-08-14,2160.513256963312,-282.3755118139253,4745.704882063252
2017-08-15,1491.2505295040166,-1144.5893112068866,3951.787547816521
2017-08-16,549.7606482721831,-2139.9240420124192,3307.886869850615
2017-08-17,1694.3027532924884,-680.0933430576226,4133.510390413447
2017-08-18,2220.175836257817,-263.1685180138884,4842.9132095815685
2017-08-19,1916.4552122180469,-383.2633624899134,4536.275780840923
2017-08-20,2093.8576659050354,-454.7154387429037,4689.589361943939
2017-08-21,2342.5507967619187,-276.274905095349,4984.590331479187
2017-08-22,1705.4443080175167,-740.6526132263461,4277.067502277482
2017-08-23,797.2883261035017,-1768.714042348697,3353.901944263837
2017-08-24,1975.8603233290264,-522.1205255996452,4578.262591401088
2017-08-25,2535.935815019741,119.1767513744756,5003.863309275033
2017-08-26,2266.0340352162516,-302.2164691372304,4956.008557529104
2017-08-27,2476.2932269769435,127.43264657612721,5066.011697716178
2017-08-28,2756.290845313284,298.7728791347792,5481.960419930231
2017-08-29,2148.346174483119,-545.6139169047409,4644.6463558391015
2017-08-30,1266.6301910504894,-1351.4903525027155,3816.2064257411034
2017-08-31,2468.363986339381,-13.46353766858535,5065.731274699684
2017-09-01,3047.8006624448826,461.65397735944885,5451.782940628706
2017-09-02,2792.9816575875043,272.66612105978777,5420.900026066399
2017-09-03,3013.6219036916414,373.1677836741366,5370.730127043691
2017-09-04,3298.938901678199,753.0020999423236,5610.594165582498
2017-09-05,2690.963029452019,21.77621783200165,5258.136698247161
2017-09-06,1803.6537571972185,-566.6249414879011,4389.3489308190065
2017-09-07,2994.102960152079,392.0707150931512,5565.911780601649
2017-09-08,3556.5201550694946,859.3284341374457,6074.535600702681
2017-09-09,3278.9905652907473,731.6418336927003,5931.519231382243
2017-09-10,3471.3604034889872,1084.5032608452061,6112.237696547176
2017-09-11,3723.0644803403325,1193.1568751442026,6374.149656176711
2017-09-12,3076.4335114977234,471.3685164229926,5685.630261944797
2017-09-13,2145.805887153812,-157.44648178596475,4769.708129270623
2017-09-14,3288.7252126299513,719.7089129104265,5810.70152094993
2017-09-15,3799.918589332987,1218.7798777293715,6402.252511368191
2017-09-16,3468.0467041746474,775.1725889637847,5735.492442781515
2017-09-17,3603.5802949160675,1126.2869298931098,6126.11371804965
2017-09-18,3796.6182882267117,1317.275288444387,6311.611071363763
2017-09-19,3090.185176238874,514.6162521401461,5558.912979714919
2017-09-20,2099.332589132234,-517.50143551743,4590.0585806022755
2017-09-21,3182.3265605945157,499.84168461837993,5925.9685370346215
2017-09-22,3634.615634601809,808.6670943630959,6390.089167742442
2017-09-23,3245.5710475627825,590.8916655875807,5887.966883221472
2017-09-24,3326.3537030425814,836.9281108823409,5871.346724096448
2017-09-25,3467.7233666868606,882.331709468211,6118.521031037264
2017-09-26,2713.3277574616072,59.91591216757165,5399.001348478068
2017-09-27,1678.7965815456769,-930.0801714947065,4144.592644007376
2017-09-28,2722.9220727366796,132.24347702702423,5473.487583306667
2017-09-29,3141.6212336593144,523.5629211023502,5554.718363822951
2017-09-30,2724.6710375872835,141.71732772246426,5188.373530052397
2017-10-01,2783.5713156439524,294.7023648792018,5399.194470044478
2017-10-02,2909.3507485459877,522.3014397217477,5454.626158534756
2017-10-03,2145.8536173133134,-425.64148745999967,4715.340555447295
2017-10-04,1108.8323270281712,-1302.644769448075,3609.218060708884
2017-10-05,2157.1272280538606,-364.1912189574444,4626.555749790817
2017-10-06,2586.628884860334,104.3650303204475,5227.352170951394
2017-10-07,2187.014006905083,-285.59330210249317,5117.761999931058
2017-10-08,2269.6097216690205,3.7114566893952943,4805.342826862615
2017-10-09,2425.2015678056673,-165.20266526416123,4991.09047805533
2017-10-10,1697.3228263562926,-836.9170665402428,4296.989204844811
2017-10-11,701.3501739424798,-1710.9190616870878,3266.020184356478
2017-10-12,1795.6871587356704,-865.6394922795483,4406.495026785899
2017-10-13,2275.7306325292247,-454.290779453741,4705.347372845488
2017-10-14,1930.6113425563185,-632.2386497110156,4473.13767699784
2017-10-15,2071.0633572078236,-614.1316234373835,4627.022587463378
2017-10-16,2287.237700826636,-461.7829729739818,4888.013237753154
2017-10-17,1621.9978136668183,-885.8927169863032,4037.2848783008294
2017-10-18,690.0218175420166,-1895.8479183185657,3244.9364253406748
2017-10-19,1848.993080229655,-550.8820890970812,4257.222091004446
2017-10-20,2393.574197158161,-213.2275193044767,4950.238255981025
2017-10-21,2112.1555691766553,-492.21754319625126,4550.537572777303
2017-10-22,2314.733213289986,-443.54656996393913,4991.805595821866
2017-10-23,2590.731129240964,184.22300612516423,5119.834984973378
2017-10-24,1982.3057692391164,-399.0131760989157,4367.229894602232
2017-10-25,1103.4575043799716,-1459.2125560725747,3588.725542942537
2017-10-26,2311.23047550274,-336.9644424688019,4852.073637511799
2017-10-27,2899.6958230837913,262.66483212025497,5287.818572811822
2017-10-28,2656.7093337960987,202.89697311355798,5227.053628688797
2017-10-29,2891.7979836524696,330.79023571532093,5500.911743727696
2017-10-30,3193.9905308252282,841.0162913496863,5910.108699434456
2017-10-31,2605.1295259710387,54.27769997324728,5196.198844880056
2017-11-01,1738.989448891392,-759.7086382006615,4387.4308410906515
2017-11-02,2952.482173848065,502.2798150767591,5594.439358125532
2017-11-03,3539.6445775913703,1029.331733914787,6043.724023213153
2017-11-04,3288.3991574748143,798.3477044492425,5808.046013983064
2017-11-05,3508.441985678308,808.6571788036476,6163.949648698841
2017-11-06,3789.0730208207056,1269.4460034193064,6466.266445973966
2017-11-07,3172.506040803983,695.9623399701135,5864.027138430205
2017-11-08,2272.9828348194605,-219.07120541229304,4670.027216301398
2017-11-09,3447.972823689861,898.4943016781066,6123.021240714164
2017-11-10,3992.1529311913164,1251.3506615860636,6770.150546692016
2017-11-11,3694.158626871057,931.7739095071455,6184.80415481594
2017-11-12,3864.46056613743,1487.4590963383152,6235.49333619903
2017-11-13,4093.181995701164,1448.3995829645544,6746.606659969538
2017-11-14,3423.394381544866,527.3117447270258,5965.71301249589
2017-11-15,2470.216135016916,-96.57486848995016,4842.807098595805
2017-11-16,3591.9958849971117,791.7057475885833,6100.914569754422
2017-11-17,4084.2754336053886,1618.309324748212,6877.488043738242
2017-11-18,3736.523661051546,1171.2949773657724,6301.87665176327
2017-11-19,3859.9961733843265,1240.0912094703092,6174.265238365565
2017-11-20,4045.536243759254,1407.2826587807926,6582.318327184394
2017-11-21,3336.8548926268268,806.3697719861871,6026.723228340822
2017-11-22,2349.615366481025,-183.08664543400346,5183.866516397132
2017-11-23,3442.6038330045208,650.462245502972,5946.319200140041
2017-11-24,3911.6817757156487,1262.8080840212995,6384.962247488681
2017-11-25,3546.511665074849,972.6368998618091,6191.44222951286
2017-11-26,3658.4109674814454,1189.560643861946,6349.335615119526
2017-11-27,3838.150258118178,1257.2659747421656,6663.457986648184
2017-11-28,3129.2334382914396,784.1770704831625,5777.241327435064
2017-11-29,2146.985405847929,-536.7601978083188,4601.4678891140675
2017-11-30,3249.729014103173,739.2542812547938,5759.29140322488
2017-12-01,3732.7467457771086,1091.207476111712,6186.508187955146
2017-12-02,3385.018546483946,812.6318970530726,5825.917152821024
2017-12-03,3517.090672014292,996.8972999868688,5962.096575550853
2017-12-04,3718.891035747406,1100.0340661501284,6265.43650950124
2017-12-05,3033.02870974188,485.61425030781385,5604.378476159459
2017-12-06,2073.9025199812004,-263.4463013247565,4423.552386370705
2017-12-07,3198.900110563879,530.435500877064,5891.154485153334
2017-12-08,3702.3824003006957,1227.347948672004,6310.68461888657
2017-12-09,3372.4443422742806,707.7051713105619,6079.922546003077
2017-12-10,3518.8062883546486,1226.9639258945767,6365.651752999202
2017-12-11,3730.650888095076,1174.468918100413,6284.386574048261
2017-12-12,3049.9426279030213,426.56703803401655,5735.389171412627
2017-12-13,2090.5544268357708,-673.1434080297472,4614.750799380288
2017-12-14,3209.4821771786073,419.7923682784684,5927.242572654801
2017-12-15,3700.8417173698913,1174.7676719368415,6190.556794060303
2017-12-16,3352.6387752790724,465.2879019775994,5941.609566733789
2017-12-17,3474.665885376896,942.1168779367208,6078.677224915361
2017-12-18,3656.340994554418,1204.2283158611976,6357.196386888858
2017-12-19,2940.024738843103,333.03415491423044,5524.646692274766
2017-12-20,1940.140780105729,-712.0455003331407,4584.94432997547
2017-12-21,3014.3801628253336,487.27209152433556,5592.6683392548375
2017-12-22,3457.684350135856,861.1439841355033,6158.588248534044
2017-12-23,3058.997746043331,357.9045517875744,5602.047578613528
2017-12-24,3129.1440689456704,480.4416762583887,5670.27838410559
2017-12-25,3258.641738154713,573.4487255606722,5898.3622643237895
2017-12-26,2490.995778274685,-103.91294372509884,4841.715794668318
2017-12-27,1441.7912170816544,-1184.5598463384354,4103.513731289084
2017-12-28,2469.8695738151623,-219.29196394963517,5184.542382908528
2017-12-29,2871.28376891467,331.04694228555826,5334.388002217537
2017-12-30,2436.022952530534,55.4291414189958,4876.465114569423
2017-12-31,2475.8623088868585,-147.27484036618992,4970.782709504898
2018-01-01,2582.153673885032,133.2143386630751,5098.719625732734
2018-01-02,1799.0951130646902,-956.091126753601,4199.73928744756
2018-01-03,742.8050273702468,-1880.9368723564712,3308.651842433856
2018-01-04,1772.4829092645896,-906.3527953756709,4466.015479395376
2018-01-05,2184.352525136016,-374.2239697044254,4693.005303465722
2018-01-06,1768.3793732393635,-819.7014775216023,4371.149088652791
2018-01-07,1836.1177225159963,-690.0005929238573,4414.302320477068
2018-01-08,1978.503206765278,-472.71220808315934,4420.0477965425225
2018-01-09,1239.1291418991827,-1397.998119274732,3882.757910669995
2018-01-10,233.33203584883768,-2447.314576348291,2822.933734817547
2018-01-11,1319.36819802107,-1331.880604532888,3961.7299260023174
2018-01-12,1792.3768948525612,-1052.7337300332042,4461.459841440536
2018-01-13,1441.1214642929249,-1114.7902575263954,3823.354123386552
2018-01-14,1575.863160837831,-958.9504665129286,4213.912329481071
2018-01-15,1786.1830869458472,-921.4383690560754,4359.404662235625
2018-01-16,1114.2896894056826,-1666.9856220958527,3624.326377263753
2018-01-17,174.1365473385356,-2296.3105953740132,2640.2603100096158
2018-01-18,1322.6315801490691,-1181.2275387750906,4068.500553204163
2018-01-19,1853.632326892342,-781.3904137224738,4246.090959324819
2018-01-20,1554.7179183037015,-1146.128573001869,4272.169995003644
2018-01-21,1735.0917449508538,-918.9321089704921,4246.605546158338
2018-01-22,1983.4294520074766,-537.6147884400104,4771.340353232073
2018-01-23,1341.2090757407123,-1068.620042184777,4011.493860364618
2018-01-24,421.8474635505904,-2161.844736653455,3087.918940416829
2018-01-25,1581.9236155086164,-1050.5422058269232,4120.38029962625
2018-01-26,2115.183215663565,-507.7527062093253,4636.468114415403
2018-01-27,1809.3147091848127,-716.8931139410919,4318.123425094986
2018-01-28,1973.8507888356942,-639.5121608126541,4470.053567378565
2018-01-29,2198.009911256485,-411.22946625161325,4927.705356672542
2018-01-30,1524.014778934653,-948.301820740632,4273.285658176834
2018-01-31,566.2121793062613,-1963.748457086872,3104.599837642627
2018-02-01,1682.2751917211986,-711.454707549598,4087.0282720123623
2018-02-02,2167.18251801695,-400.3895100710732,4765.675612175116
2018-02-03,1809.9658831607403,-835.7036152977726,4577.714024766719
2018-02-04,1921.5800486062517,-617.6471596650568,4580.9730062016315
2018-02-05,2092.7108101091135,-429.88371640399964,4799.22779107995
2018-02-06,1367.0587206783493,-1394.3195816616242,3887.2037914560146
2018-02-07,360.42376868627207,-2187.2904815527586,2881.781758476937
2018-02-08,1431.8728730837388,-1270.6279554287432,3972.336911074524
2018-02-09,1877.6857943444143,-707.3436646999423,4299.189356359317
2018-02-10,1488.0712208159307,-1101.3345787444061,3962.8847975053523
2018-02-11,1575.008336379943,-979.2148356733301,4189.864695378042
2018-02-12,1730.0299352785012,-724.7435126964374,4187.184603977836
2018-02-13,997.4854322845088,-1537.530800922072,3403.46408207146
2018-02-14,-6.390496240842367,-2477.203076097485,2552.721550117316
2018-02-15,1077.6786125716376,-1303.4108117956964,3592.3327635767414
2018-02-16,1545.9512820154137,-928.2308542492555,4006.3632030703375
2018-02-17,1188.3840138472785,-1343.2658869090394,3738.2526165153085
2018-02-18,1316.4781574373344,-1212.3748933914144,4079.0368637268543
2018-02-19,1521.0736625854797,-1174.7069321263139,4040.018983534976
2018-02-20,845.6278000899358,-1712.2754998511316,3401.8657223910213
2018-02-21,-94.69580249629053,-2830.202073733264,2467.344567391417
2018-02-22,1058.153940885234,-1699.261673322344,3574.140265238685
2018-02-23,1599.0840042345271,-981.5433805542904,4292.854557141837
2018-02-24,1316.6042125107695,-1406.817796249877,3721.6087520848896
2018-02-25,1520.7072875775648,-1100.2422377568369,4024.1949769195476
2018-02-26,1800.6971028543371,-764.3032551667667,4296.800692591649
2018-02-27,1198.5023952310867,-1306.0086270194201,3652.4809944294893
2018-02-28,327.80043841736165,-2327.1100606619207,3165.11535666466
2018-03-01,1545.2315986188391,-922.2286220522848,4308.047199306759
2018-03-02,2144.399238557122,-523.0960461053921,4706.247345866363
2018-03-03,1912.645433770186,-652.0898336999305,4462.164272212083
2018-03-04,2158.95638083841,-418.5413523188343,4865.51242122906
2018-03-05,2471.8120419553875,-146.12840386000647,5136.532058427
2018-03-06,1892.5167954924557,-711.9701933987816,4659.560389035712
2018-03-07,1034.3352314956617,-1521.4232777492068,3666.8064438026304
2018-03-08,2253.7137697115213,-484.87907557011096,4869.973016988813
2018-03-09,2844.2824499769135,233.55560979133455,5465.8565487884625
2018-03-10,2593.6273715033835,-18.361910957036056,5325.498725213177
2018-03-11,2811.187800851982,243.16705641151586,5263.2815877665935
2018-03-12,3086.0927556486577,443.70317979494115,5628.415069710387
2018-03-13,2460.474211217586,6.30456178953413,4986.541945837751
2018-03-14,1548.5815506320153,-1032.1869122788787,4116.49654258768
2018-03-15,2707.9785081206137,114.97298055757975,5349.482989355964
2018-03-16,3233.517603196834,701.2340416325892,6024.526752559117
2018-03-17,2914.0832476763253,416.0860855144482,5384.7827007693295
2018-03-18,3060.4582902019984,378.6746155515631,5592.318648535709
2018-03-19,3263.129570210182,760.3299483848408,5999.114752757041
2018-03-20,2565.570393568548,-115.34557352819077,5359.331032020573
2018-03-21,1583.3252961054231,-1176.4776136644912,4372.904058294367
2018-03-22,2675.179052661179,140.22171145887316,5641.921455096784
2018-03-23,3137.105581063841,686.3100795616867,5875.937510686694
2018-03-24,2758.988503687776,224.05145496501052,5599.702307773699
2018-03-25,2852.468626280708,333.3188414640463,5531.438330814103
2018-03-26,3008.7343043505357,466.73234438495865,5662.472105109846
2018-03-27,2271.7929019881417,-302.1554008109413,4961.775322454914
2018-03-28,1257.5488906602839,-1319.8326002955503,3843.4563822977966
2018-03-29,2324.970612481754,-151.01976456190994,4839.741006145068
2018-03-30,2770.0413101873964,155.94800526022348,5375.849204879741
2018-03-31,2382.48602811309,-180.53603716671623,5054.205330255573
2018-04-01,2473.6293807356383,-133.66204356333932,5117.397776226811
2018-04-02,2634.1997994221056,-10.377352639496925,5188.722009483122
2018-04-03,1907.6180176455296,-603.0284989410112,4580.502975395685
2018-04-04,909.0948255068463,-1600.8122837958995,3432.306615736841
2018-04-05,1996.8195443133,-736.7781886674488,4535.052278052523
2018-04-06,2465.9342088060857,-130.59058870780095,5040.391630345188
2018-04-07,2105.284422766931,-290.37182224074206,4648.7191058208355
2018-04-08,2225.301239375953,-241.21799221439468,4888.8063591130285
2018-04-09,2415.8290425481723,-170.39029887470198,5003.633801924914
2018-04-10,1719.4365823170906,-752.8970294720116,4231.751293199151
2018-04-11,750.535630896868,-1693.4217075851805,3302.3489601708025
2018-04-12,1866.588203192715,-598.7185463162109,4370.9477537045295
2018-04-13,2362.0968918192398,-275.75763528719114,4941.75263102855
2018-04-14,2025.368924913962,-433.0131012404354,4632.509967852961
2018-04-15,2166.4080283819403,-468.8708061003897,4604.14115335898
2018-04-16,2374.748892574182,14.872200286242917,5070.294270240362
2018-04-17,1692.7713162211048,-955.247529715558,4494.5466602721335
2018-04-18,734.8185104973668,-1831.4643309844732,3195.724741677481
2018-04-19,1858.400616888217,-697.326306070594,4462.586891123251
2018-04-20,2358.178187800002,-254.19776323619584,5112.536744035043
2018-04-21,2022.7165184845967,-762.5043287420378,4596.411149100544
2018-04-22,2162.365264323477,-372.0884935070439,4671.657967085166
2018-04-23,2367.0785566684253,-30.081325431595232,4990.397849701839
2018-04-24,1679.713151518814,-858.7658047507413,4308.075060006639
2018-04-25,715.1295895486387,-1864.9560133654481,3410.4925197064963
2018-04-26,1831.3779369179642,-726.210338222213,4463.992139011829
2018-04-27,2323.663376526347,-261.00843062727034,4907.245054393211
2018-04-28,1981.0830497355064,-565.9468222175661,4589.004930405076
2018-04-29,2114.489070512199,-427.5565826090568,4695.4127051163105
2018-04-30,2314.293376509274,-166.49804178022947,5036.411356786574
2018-05-01,1623.7523542667216,-970.2567468884516,4244.744636108608
2018-05-02,658.0565612549831,-1985.1239830327656,3288.3877046103435
2018-05-03,1775.507391344282,-690.4044724301662,4364.1388415411775
2018-05-04,2271.476156992014,-223.75112966795314,4881.00064512606
2018-05-05,1935.1371142919186,-569.517737644067,4447.724879621406
2018-05-06,2077.3293993591565,-436.1448553769001,4668.492732454867
2018-05-07,2288.3635080373274,-188.6660844731878,5125.414877426354
2018-05-08,1611.310147025913,-945.6417847909023,4242.69644481284
2018-05-09,661.0965983725657,-1792.9892945829934,3471.6824147131565
2018-05-10,1795.6921979262056,-735.3467116068094,4326.941706393928
2018-05-11,2310.0780984960656,-336.5467657028809,4855.143043973728
2018-05-12,1992.9924943478393,-579.8589593642666,4795.988363267021
2018-05-13,2154.8058901634104,-405.96776422605325,4729.944131066392
2018-05-14,2385.3416370347354,-115.91856172220766,4870.979558535216
2018-05-15,1727.1791422964066,-855.7413857127098,4235.334168091889
2018-05-16,794.7644743346275,-1871.2195451604985,3415.5700479767816
2018-05-17,1945.6095547732934,-532.1815108364978,4354.1520725156615
2018-05-18,2474.2747245952746,-30.9173362663124,4914.239334227858
2018-05-19,2169.125511211643,-502.80243084038,4739.542604868819
2018-05-20,2340.2178740042737,-176.16547277440935,4914.620828976092
2018-05-21,2577.1268970469255,27.161656389348646,5186.681981466974
2018-05-22,1922.256140046133,-687.0974262705796,4403.908557121098
2018-05-23,989.952235338222,-1768.3352744124559,3517.936606880871
2018-05-24,2137.7058550636552,-633.4717004141382,4590.557914346102
2018-05-25,2660.1338322936062,289.76356772551173,5152.961774633012
2018-05-26,2345.7333246938765,-282.17115921916445,4955.782095995438
2018-05-27,2504.7624207806916,135.15318468431457,5092.687502679668
2018-05-28,2727.0623361686157,60.89094689359568,5302.362222289963
2018-05-29,2055.3586393252463,-529.040339297959,4383.151979233801
2018-05-30,1104.3663649629516,-1367.7841415614555,3648.9601771057787
2018-05-31,2231.9804426487,-524.7244666832013,4697.700635731951
2018-06-01,2733.2465513257343,85.31934797776535,5426.076450234493
2018-06-02,2397.1036285563127,-252.2331069941658,5123.049743616928
2018-06-03,2534.252777765829,-100.95503931096185,5052.821028754795
2018-06-04,2734.9680570384194,134.38557667589765,5413.851274006988
2018-06-05,2042.386908041282,-504.9695412785348,4531.481816863071
2018-06-06,1071.6053764595858,-1690.7164974716325,3654.4034651525762
2018-06-07,2180.8598104994285,-426.49831500137674,4863.589652264722
2018-06-08,2665.4903662952,-60.09073882656007,5180.785625058899
2018-06-09,2314.6777203960132,-133.96636437175118,5049.152166031355
2018-06-10,2439.3078536922008,-262.28746067304513,5026.657558055228
2018-06-11,2629.7804580578295,4.44791187726251,5304.188563464393
2018-06-12,1929.298738440074,-645.1608391042315,4354.587480400882
2018-06-13,952.9657228809801,-1557.9362809041074,3664.3533202873773
2018-06-14,2058.9686775924993,-723.8043766320253,4504.075977233255
2018-06-15,2542.546819949929,175.46345442431164,5112.251769836854
2018-06-16,2192.7335522254525,-256.0159469383392,4947.209312805242
2018-06-17,2320.2278681201196,-275.32795644769413,4875.758892354989
2018-06-18,2515.210243525306,-7.677587574959405,5203.907935933394
2018-06-19,1820.6405248798085,-659.9247618560612,4231.685155867273
2018-06-20,851.3626570737633,-1704.8803463014904,3304.0226726627566
2018-06-21,1965.2975752917037,-613.5254065058045,4600.52207413419
2018-06-22,2457.41918688268,14.32511893985359,4962.183948547382
2018-06-23,2116.504413869156,-395.00981620643137,4695.037367459378
2018-06-24,2253.0117177616103,-458.8780401072013,4740.715392099493
2018-06-25,2456.9032165813633,-328.74855027239374,5104.748848755803
2018-06-26,1770.9477403261494,-729.0621359878259,4441.287148612656
2018-06-27,809.829538821594,-1767.2894550441133,3461.4704190701796
2018-06-28,1931.3438805439346,-667.3102755726618,4512.758768438377
